date,open,high,low,close,volume
2016-03-31,2.186000108718872,2.195499897003174,2.17549991607666,2.18149995803833,509
2016-04-01,2.184000015258789,2.184000015258789,2.157999992370605,2.1610000133514404,687
2016-04-04,2.1554999351501465,2.157500028610229,2.137500047683716,2.138000011444092,311
2016-04-05,2.1414999961853027,2.1414999961853027,2.133500099182129,2.134999990463257,287
2016-04-06,2.13100004196167,2.1440000534057617,2.13100004196167,2.140500068664551,246
2016-04-07,2.1414999961853027,2.1414999961853027,2.070499897003174,2.07450008392334,371
2016-04-08,2.0845000743865967,2.094500064849853,2.0845000743865967,2.0864999294281006,415
2016-04-11,2.1015000343322754,2.1015000343322754,2.075000047683716,2.088500022888184,242
2016-04-12,2.0934998989105225,2.151000022888184,2.0934998989105225,2.1449999809265137,252
2016-04-13,2.173500061035156,2.174000024795532,2.16599988937378,2.1675000190734863,330
2016-04-14,2.158499956130981,2.172499895095825,2.158499956130981,2.1710000038146973,303
2016-04-15,2.1449999809265137,2.1540000438690186,2.1449999809265137,2.1519999504089355,264
2016-04-18,2.1410000324249268,2.1679999828338623,2.1410000324249268,2.1640000343322754,218
2016-04-19,2.165499925613404,2.2255001068115234,2.165499925613404,2.2230000495910645,244
2016-04-20,2.2100000381469727,2.242000102996826,2.2100000381469727,2.242000102996826,267
2016-04-21,2.2739999294281006,2.2739999294281006,2.25,2.252000093460083,276
2016-04-22,2.2890000343322754,2.2925000190734863,2.2690000534057617,2.2690000534057617,369
2016-04-25,2.265000104904175,2.2725000381469727,2.258500099182129,2.258500099182129,437
2016-04-26,2.236999988555908,2.263000011444092,2.234999895095825,2.248500108718872,456
2016-04-27,2.236999988555908,2.236999988555908,2.213500022888184,2.220499992370605,34932
2016-04-28,2.2260000705718994,2.240000009536743,2.201499938964844,2.2244999408721924,9800
2016-04-29,2.2179999351501465,2.2915000915527344,2.2179999351501465,2.2790000438690186,2527
2016-05-02,2.2674999237060547,2.2850000858306885,2.254499912261963,2.2614998817443848,646
2016-05-03,2.255500078201294,2.256500005722046,2.2079999446868896,2.2144999504089355,712
2016-05-04,2.2070000171661377,2.2170000076293945,2.177000045776367,2.183000087738037,963
2016-05-05,2.180500030517578,2.180500030517578,2.1410000324249268,2.151000022888184,1170
2016-05-06,2.1424999237060547,2.164499998092652,2.140000104904175,2.151000022888184,498
2016-05-09,2.1470000743865967,2.1470000743865967,2.0969998836517334,2.1040000915527344,597
2016-05-10,2.1050000190734863,2.109999895095825,2.0894999504089355,2.0899999141693115,796
2016-05-11,2.0999999046325684,2.124000072479248,2.0924999713897705,2.1010000705718994,387
2016-05-12,2.0980000495910645,2.119999885559082,2.059999942779541,2.072999954223633,861
2016-05-13,2.075999975204468,2.0845000743865967,2.065000057220459,2.075000047683716,1099
2016-05-16,2.071500062942505,2.0989999771118164,2.071500062942505,2.0910000801086426,397
2016-05-17,2.0985000133514404,2.0985000133514404,2.075000047683716,2.0920000076293945,447
2016-05-18,2.0969998836517334,2.0975000858306885,2.052000045776367,2.0815000534057617,396
2016-05-19,2.066499948501587,2.06850004196167,2.0415000915527344,2.062999963760376,451
2016-05-20,2.078000068664551,2.0804998874664307,2.055000066757202,2.058500051498413,380
2016-05-23,2.061000108718872,2.063499927520752,2.052500009536743,2.057499885559082,320
2016-05-24,2.065000057220459,2.0829999446868896,2.065000057220459,2.069499969482422,356
2016-05-25,2.0899999141693115,2.109499931335449,2.0799999237060547,2.1050000190734863,366
2016-05-26,2.118000030517578,2.118000030517578,2.1054999828338623,2.1064999103546143,732
2016-05-27,2.0905001163482666,2.121500015258789,2.0905001163482666,2.114000082015991,613
2016-05-31,2.0975000858306885,2.114000082015991,2.078000068664551,2.0975000858306885,587
2016-06-01,2.065500020980835,2.0739998817443848,2.057499885559082,2.072499990463257,769
2016-06-02,2.063999891281128,2.0739998817443848,2.063999891281128,2.069499969482422,296
2016-06-03,2.066999912261963,2.131999969482422,2.064500093460083,2.111999988555908,577
2016-06-06,2.140000104904175,2.140000104904175,2.112499952316284,2.117000102996826,274
2016-06-07,2.121500015258789,2.121500015258789,2.049999952316284,2.0510001182556152,524
2016-06-08,2.069999933242798,2.069999933242798,2.0625,2.0625,222
2016-06-09,2.07450008392334,2.0794999599456787,2.0204999446868896,2.039999961853028,316
2016-06-10,2.0339999198913574,2.0369999408721924,2.025500059127808,2.031500101089477,300
2016-06-13,2.065000057220459,2.065000057220459,2.055000066757202,2.057499885559082,499
2016-06-14,2.0434999465942383,2.052000045776367,2.0390000343322754,2.0445001125335693,247
2016-06-15,2.069499969482422,2.115499973297119,2.069499969482422,2.0934998989105225,226
2016-06-16,2.065999984741211,2.065999984741211,2.0429999828338623,2.049999952316284,251
2016-06-17,2.075000047683716,2.075000047683716,2.052500009536743,2.052500009536743,216
2016-06-20,2.0815000534057617,2.0969998836517334,2.0799999237060547,2.0934998989105225,230
2016-06-21,2.0789999961853027,2.128499984741211,2.0789999961853027,2.116499900817871,278
2016-06-22,2.1410000324249268,2.1410000324249268,2.131500005722046,2.135499954223633,242
2016-06-23,2.1424999237060547,2.1665000915527344,2.132499933242798,2.1635000705718994,335
2016-06-24,2.114000082015991,2.121999979019165,2.109499931335449,2.111999988555908,236
2016-06-27,2.124500036239624,2.128000020980835,2.115000009536743,2.126499891281128,364
2016-06-28,2.174499988555908,2.1760001182556152,2.126499891281128,2.1700000762939453,36288
2016-06-29,2.179500102996826,2.194000005722046,2.157999992370605,2.183500051498413,7536
2016-06-30,2.190999984741211,2.2044999599456787,2.172499895095825,2.194499969482422,1764
2016-07-01,2.200999975204468,2.234499931335449,2.1665000915527344,2.2149999141693115,2021
2016-07-05,2.2290000915527344,2.245500087738037,2.1614999771118164,2.18149995803833,1353
2016-07-06,2.180500030517578,2.183000087738037,2.131500005722046,2.15149998664856,1122
2016-07-07,2.1445000171661377,2.151000022888184,2.115999937057495,2.122499942779541,893
2016-07-08,2.122499942779541,2.132999897003174,2.117000102996826,2.118499994277954,320
2016-07-11,2.140500068664551,2.1630001068115234,2.140500068664551,2.1470000743865967,548
2016-07-12,2.1459999084472656,2.220999956130981,2.1459999084472656,2.2109999656677246,462
2016-07-13,2.2160000801086426,2.2734999656677246,2.2144999504089355,2.23799991607666,816
2016-07-14,2.236999988555908,2.246500015258789,2.2314999103546143,2.240999937057495,417
2016-07-15,2.234999895095825,2.260499954223633,2.2300000190734863,2.2304999828338623,275
2016-07-18,2.2165000438690186,2.241499900817871,2.2084999084472656,2.233999967575073,388
2016-07-19,2.239000082015991,2.26200008392334,2.233999967575073,2.2614998817443848,1035
2016-07-20,2.257499933242798,2.258500099182129,2.239000082015991,2.252000093460083,371
2016-07-21,2.248500108718872,2.2660000324249268,2.248500108718872,2.25600004196167,355
2016-07-22,2.2614998817443848,2.26200008392334,2.2255001068115234,2.233999967575073,317
2016-07-25,2.240000009536743,2.240499973297119,2.2095000743865967,2.2160000801086426,331
2016-07-26,2.211999893188477,2.2295000553131104,2.211999893188477,2.2249999046325684,270
2016-07-27,2.2109999656677246,2.2144999504089355,2.184999942779541,2.184999942779541,714
2016-07-28,2.2044999599456787,2.220000028610229,2.197999954223633,2.2060000896453857,319
2016-07-29,2.1989998817443848,2.22849988937378,2.188999891281128,2.220499992370605,234
2016-08-01,2.239000082015991,2.239000082015991,2.190000057220459,2.196500062942505,563
2016-08-02,2.191999912261963,2.234999895095825,2.191999912261963,2.2065000534057617,443
2016-08-03,2.2039999961853027,2.2039999961853027,2.174999952316284,2.196000099182129,385
2016-08-04,2.1665000915527344,2.17549991607666,2.1554999351501465,2.174000024795532,355
2016-08-05,2.173500061035156,2.174000024795532,2.1519999504089355,2.1530001163482666,226
2016-08-08,2.1549999713897705,2.177500009536743,2.1549999713897705,2.1640000343322754,239
2016-08-09,2.1610000133514404,2.1610000133514404,2.140000104904175,2.149499893188477,227
2016-08-10,2.151000022888184,2.194999933242798,2.151000022888184,2.1705000400543213,245
2016-08-11,2.180999994277954,2.191999912261963,2.180999994277954,2.190000057220459,237
2016-08-12,2.1524999141693115,2.157000064849853,2.138499975204468,2.140500068664551,264
2016-08-15,2.1414999961853027,2.1545000076293945,2.138499975204468,2.15149998664856,241
2016-08-16,2.1549999713897705,2.173500061035156,2.1549999713897705,2.171999931335449,217
2016-08-17,2.1589999198913574,2.1589999198913574,2.1519999504089355,2.1519999504089355,307
2016-08-18,2.158499956130981,2.1875,2.158499956130981,2.1670000553131104,305
2016-08-19,2.165499925613404,2.173500061035156,2.165499925613404,2.1665000915527344,307
2016-08-22,2.1635000705718994,2.1635000705718994,2.130000114440918,2.140000104904175,311
2016-08-23,2.127000093460083,2.131500005722046,2.114000082015991,2.115000009536743,340
2016-08-24,2.117500066757202,2.118000030517578,2.075999975204468,2.075999975204468,297
2016-08-25,2.0815000534057617,2.0829999446868896,2.075500011444092,2.075500011444092,275
2016-08-26,2.07699990272522,2.07699990272522,2.075000047683716,2.075000047683716,197
2016-08-29,2.0810000896453857,2.0810000896453857,2.072499990463257,2.072499990463257,19596
2016-08-30,2.0804998874664307,2.08899998664856,2.062999963760376,2.069000005722046,9506
2016-08-31,2.069499969482422,2.0824999809265137,2.067500114440918,2.069499969482422,1634
2016-09-01,2.072000026702881,2.0899999141693115,2.067500114440918,2.06850004196167,982
2016-09-02,2.076499938964844,2.0855000019073486,2.06850004196167,2.071500062942505,573
2016-09-06,2.0739998817443848,2.0920000076293945,2.069499969482422,2.0840001106262207,800
2016-09-07,2.086999893188477,2.1059999465942383,2.086999893188477,2.0929999351501465,478
2016-09-08,2.1010000705718994,2.1010000705718994,2.0799999237060547,2.095999956130981,429
2016-09-09,2.0969998836517334,2.0975000858306885,2.0820000171661377,2.088500022888184,662
2016-09-12,2.0799999237060547,2.102999925613404,2.061000108718872,2.095999956130981,357
2016-09-13,2.0980000495910645,2.111000061035156,2.088500022888184,2.095499992370605,474
2016-09-14,2.1050000190734863,2.150000095367432,2.101999998092652,2.1480000019073486,815
2016-09-15,2.1465001106262207,2.1559998989105225,2.1414999961853027,2.1519999504089355,1067
2016-09-16,2.1545000076293945,2.1549999713897705,2.1435000896453857,2.15149998664856,418
2016-09-19,2.13700008392334,2.1489999294281006,2.13700008392334,2.1489999294281006,550
2016-09-20,2.1480000019073486,2.1605000495910645,2.1440000534057617,2.1554999351501465,505
2016-09-21,2.1480000019073486,2.156500101089477,2.1449999809265137,2.1449999809265137,484
2016-09-22,2.1670000553131104,2.190000057220459,2.1670000553131104,2.1875,793
2016-09-23,2.188499927520752,2.196000099182129,2.188499927520752,2.192500114440918,723
2016-09-26,2.180000066757202,2.190000057220459,2.178499937057495,2.190000057220459,745
2016-09-27,2.174000024795532,2.184999942779541,2.1605000495910645,2.1614999771118164,506
2016-09-28,2.177999973297119,2.179500102996826,2.177999973297119,2.179500102996826,830
2016-09-29,2.194499969482422,2.196000099182129,2.1760001182556152,2.180999994277954,1123
2016-09-30,2.200000047683716,2.2090001106262207,2.196000099182129,2.20199990272522,744
2016-10-03,2.187000036239624,2.187000036239624,2.165499925613404,2.183500051498413,666
2016-10-04,2.164999961853028,2.179500102996826,2.158499956130981,2.158499956130981,338
2016-10-05,2.1549999713897705,2.1695001125335693,2.1549999713897705,2.1559998989105225,338
2016-10-06,2.1475000381469727,2.1489999294281006,2.140000104904175,2.1480000019073486,223
2016-10-07,2.1665000915527344,2.1665000915527344,2.1559998989105225,2.156500101089477,259
2016-10-11,2.190500020980835,2.190500020980835,2.1695001125335693,2.178499937057495,475
2016-10-12,2.176500082015991,2.183000087738037,2.1679999828338623,2.1695001125335693,191
2016-10-13,2.1530001163482666,2.1530001163482666,2.114000082015991,2.115000009536743,422
2016-10-14,2.119499921798706,2.120500087738037,2.095999956130981,2.10349988937378,191
2016-10-17,2.0994999408721924,2.1050000190734863,2.095999956130981,2.0994999408721924,279
2016-10-18,2.1085000038146973,2.1085000038146973,2.0980000495910645,2.0980000495910645,342
2016-10-19,2.0980000495910645,2.0999999046325684,2.0834999084472656,2.0969998836517334,281
2016-10-20,2.0799999237060547,2.0910000801086426,2.0799999237060547,2.0905001163482666,188
2016-10-21,2.0905001163482666,2.0915000438690186,2.0834999084472656,2.0834999084472656,183
2016-10-24,2.08899998664856,2.08899998664856,2.087500095367432,2.087500095367432,250
2016-10-25,2.115000009536743,2.13949990272522,2.115000009536743,2.132499933242798,420
2016-10-26,2.132999897003174,2.13949990272522,2.132499933242798,2.13949990272522,235
2016-10-27,2.1545000076293945,2.1670000553131104,2.1519999504089355,2.165499925613404,684
2016-10-28,2.1640000343322754,2.19350004196167,2.1640000343322754,2.188499927520752,420
2016-10-31,2.189500093460083,2.2060000896453857,2.189500093460083,2.200500011444092,311
2016-11-01,2.2049999237060547,2.2265000343322754,2.19950008392334,2.2244999408721924,380
2016-11-02,2.2235000133514404,2.227999925613404,2.2114999294281006,2.2260000705718994,332
2016-11-03,2.2160000801086426,2.244999885559082,2.2149999141693115,2.244499921798706,279
2016-11-04,2.247999906539917,2.26200008392334,2.247999906539917,2.260999917984009,355
2016-11-07,2.289499998092652,2.309000015258789,2.281500101089477,2.30649995803833,271
2016-11-08,2.30049991607666,2.378999948501587,2.290499925613404,2.378999948501587,294
2016-11-09,2.436500072479248,2.4590001106262207,2.436500072479248,2.4590001106262207,221
2016-11-10,2.562000036239624,2.563999891281128,2.5185000896453857,2.549499988555908,240
2016-11-14,2.562999963760376,2.568000078201294,2.508500099182129,2.5185000896453857,256
2016-11-15,2.561000108718872,2.561000108718872,2.461999893188477,2.502000093460083,204
2016-11-16,2.5,2.5,2.444999933242798,2.4649999141693115,170
2016-11-17,2.470000028610229,2.490499973297119,2.462500095367432,2.487499952316284,309
2016-11-18,2.4549999237060547,2.4830000400543213,2.453000068664551,2.46399998664856,319
2016-11-21,2.5185000896453857,2.5239999294281006,2.500999927520752,2.512500047683716,293
2016-11-22,2.557499885559082,2.557499885559082,2.5350000858306885,2.5425000190734863,248
2016-11-23,2.531500101089477,2.6085000038146973,2.531500101089477,2.6059999465942383,409
2016-11-25,2.6554999351501465,2.6670000553131104,2.6454999446868896,2.6670000553131104,270
2016-11-28,2.6635000705718994,2.7219998836517334,2.6559998989105225,2.6559998989105225,79408
2016-11-29,2.65149998664856,2.6619999408721924,2.573499917984009,2.595000028610229,15879
2016-11-30,2.588500022888184,2.6429998874664307,2.539999961853028,2.621500015258789,2019
2016-12-01,2.625499963760376,2.6559998989105225,2.60349988937378,2.631500005722046,966
2016-12-02,2.617500066757202,2.624500036239624,2.586999893188477,2.615000009536743,766
2016-12-05,2.609999895095825,2.700999975204468,2.609999895095825,2.688999891281128,532
2016-12-06,2.67549991607666,2.6875,2.6435000896453857,2.671999931335449,1022
2016-12-07,2.6600000858306885,2.693000078201294,2.621500015258789,2.63700008392334,856
2016-12-08,2.630000114440918,2.6610000133514404,2.609999895095825,2.619999885559082,692
2016-12-09,2.640500068664551,2.6545000076293945,2.626499891281128,2.6419999599456787,552
2016-12-12,2.673500061035156,2.673500061035156,2.5994999408721924,2.61299991607666,605
2016-12-13,2.5920000076293945,2.622499942779541,2.561000108718872,2.5929999351501465,769
2016-12-14,2.5864999294281006,2.635499954223633,2.566499948501587,2.5999999046325684,739
2016-12-15,2.595000028610229,2.601999998092652,2.575000047683716,2.595999956130981,461
2016-12-16,2.5799999237060547,2.5824999809265137,2.5390000343322754,2.561000108718872,631
2016-12-19,2.5460000038146973,2.552500009536743,2.4749999046325684,2.496500015258789,382
2016-12-20,2.49399995803833,2.499500036239624,2.4809999465942383,2.499500036239624,603
2016-12-21,2.509500026702881,2.509500026702881,2.490000009536743,2.491499900817871,232
2016-12-22,2.490499973297119,2.503000020980835,2.4549999237060547,2.494499921798706,434
2016-12-23,2.496000051498413,2.500999927520752,2.4719998836517334,2.4725000858306885,443
2016-12-27,2.450000047683716,2.513000011444092,2.450000047683716,2.507999897003174,303
2016-12-28,2.5225000381469727,2.5225000381469727,2.49399995803833,2.494999885559082,300
2016-12-29,2.497999906539917,2.509000062942505,2.4790000915527344,2.4790000915527344,663
2016-12-30,2.492500066757202,2.506500005722046,2.492500066757202,2.497499942779541,507
2017-01-03,2.5269999504089355,2.5274999141693115,2.4800000190734863,2.4809999465942383,590
2017-01-04,2.496999979019165,2.549499988555908,2.496999979019165,2.5480000972747803,742
2017-01-05,2.553999900817871,2.572499990463257,2.5269999504089355,2.5295000076293945,306
2017-01-06,2.5174999237060547,2.5380001068115234,2.505000114440918,2.5380001068115234,340
2017-01-09,2.5339999198913574,2.5420000553131104,2.515000104904175,2.5299999713897705,236
2017-01-10,2.562000036239624,2.6135001182556152,2.562000036239624,2.60349988937378,607
2017-01-11,2.6045000553131104,2.6045000553131104,2.5905001163482666,2.6010000705718994,417
2017-01-12,2.5969998836517334,2.6605000495910645,2.5969998836517334,2.6605000495910645,215
2017-01-13,2.6414999961853027,2.680500030517578,2.6410000324249268,2.680500030517578,226
2017-01-17,2.674499988555908,2.674499988555908,2.601999998092652,2.616499900817871,286
2017-01-18,2.618000030517578,2.618000030517578,2.6015000343322754,2.6080000400543213,422
2017-01-19,2.6059999465942383,2.6059999465942383,2.595000028610229,2.6015000343322754,193
2017-01-20,2.609999895095825,2.619999885559082,2.5929999351501465,2.617000102996826,786
2017-01-23,2.638499975204468,2.63949990272522,2.635499954223633,2.63949990272522,244
2017-01-24,2.678999900817871,2.70199990272522,2.678999900817871,2.700500011444092,1134
2017-01-25,2.695499897003174,2.7084999084472656,2.695499897003174,2.702500104904175,207
2017-01-26,2.698499917984009,2.698499917984009,2.6600000858306885,2.66599988937378,323
2017-01-27,2.6705000400543213,2.680000066757202,2.657999992370605,2.680000066757202,985
2017-01-30,2.680999994277954,2.681999921798706,2.6364998817443848,2.6475000381469727,771
2017-01-31,2.657999992370605,2.7214999198913574,2.657999992370605,2.7214999198913574,595
2017-02-01,2.7179999351501465,2.7179999351501465,2.703000068664551,2.7044999599456787,691
2017-02-02,2.71399998664856,2.71399998664856,2.664999961853028,2.677999973297119,526
2017-02-03,2.6454999446868896,2.6454999446868896,2.6070001125335693,2.609499931335449,428
2017-02-06,2.615000009536743,2.6454999446868896,2.615000009536743,2.6454999446868896,260
2017-02-07,2.634000062942505,2.6414999961853027,2.625999927520752,2.625999927520752,677
2017-02-08,2.673500061035156,2.673500061035156,2.6605000495910645,2.6605000495910645,330
2017-02-09,2.6480000019073486,2.6480000019073486,2.6480000019073486,2.6480000019073486,316
2017-02-10,2.677000045776367,2.7699999809265137,2.6640000343322754,2.76200008392334,382
2017-02-13,2.77649998664856,2.77649998664856,2.77649998664856,2.77649998664856,405
2017-02-14,2.75600004196167,2.759999990463257,2.7309999465942383,2.7309999465942383,711
2017-02-15,2.720000028610229,2.739000082015991,2.720000028610229,2.736000061035156,1085
2017-02-16,2.7049999237060547,2.7170000076293945,2.700999975204468,2.7160000801086426,414
2017-02-17,2.684999942779541,2.7054998874664307,2.681999921798706,2.7054998874664307,268
2017-02-21,2.7355000972747803,2.75,2.7355000972747803,2.745500087738037,231
2017-02-22,2.720000028610229,2.7325000762939453,2.720000028610229,2.7325000762939453,174
2017-02-23,2.7219998836517334,2.7219998836517334,2.6414999961853027,2.6424999237060547,159
2017-02-24,2.6610000133514404,2.681999921798706,2.6610000133514404,2.680000066757202,51025
2017-02-27,2.6730000972747803,2.690999984741211,2.6519999504089355,2.6875,14418
2017-02-28,2.683000087738037,2.7105000019073486,2.6689999103546143,2.7039999961853027,1739
2017-03-01,2.7049999237060547,2.755000114440918,2.703000068664551,2.7265000343322754,1180
2017-03-02,2.7239999771118164,2.7290000915527344,2.6730000972747803,2.679500102996826,778
2017-03-03,2.677999973297119,2.697999954223633,2.6700000762939453,2.687000036239624,625
2017-03-06,2.688999891281128,2.688999891281128,2.638999938964844,2.6429998874664307,840
2017-03-07,2.6545000076293945,2.6545000076293945,2.5964999198913574,2.609499931335449,1728
2017-03-08,2.6059999465942383,2.623500108718872,2.5829999446868896,2.5920000076293945,890
2017-03-09,2.575999975204468,2.5834999084472656,2.549999952316284,2.569999933242798,834
2017-03-10,2.566499948501587,2.5985000133514404,2.566499948501587,2.5864999294281006,637
2017-03-13,2.5899999141693115,2.627500057220459,2.588500022888184,2.616499900817871,390
2017-03-14,2.611500024795532,2.634999990463257,2.5999999046325684,2.624000072479248,379
2017-03-15,2.6519999504089355,2.66599988937378,2.6410000324249268,2.6454999446868896,320
2017-03-16,2.67549991607666,2.683000087738037,2.6619999408721924,2.665499925613404,397
2017-03-17,2.6600000858306885,2.683000087738037,2.6480000019073486,2.679500102996826,295
2017-03-20,2.678999900817871,2.678999900817871,2.6449999809265137,2.6554999351501465,370
2017-03-21,2.6419999599456787,2.6419999599456787,2.5975000858306885,2.609999895095825,550
2017-03-22,2.5999999046325684,2.627000093460083,2.5820000171661377,2.621999979019165,435
2017-03-23,2.621999979019165,2.6429998874664307,2.609499931335449,2.6364998817443848,388
2017-03-24,2.630000114440918,2.633500099182129,2.6135001182556152,2.623500108718872,388
2017-03-27,2.595999956130981,2.625999927520752,2.562000036239624,2.625,434
2017-03-28,2.622499942779541,2.6689999103546143,2.621500015258789,2.6689999103546143,357
2017-03-29,2.6675000190734863,2.673500061035156,2.6545000076293945,2.6700000762939453,451
2017-03-30,2.6675000190734863,2.7079999446868896,2.656500101089477,2.664999961853028,650
2017-03-31,2.671499967575073,2.671499967575073,2.634500026702881,2.6465001106262207,631
2017-04-03,2.6414999961853027,2.6530001163482666,2.5975000858306885,2.5975000858306885,557
2017-04-04,2.5899999141693115,2.6080000400543213,2.5899999141693115,2.6059999465942383,327
2017-04-05,2.640000104904175,2.687000036239624,2.640000104904175,2.67549991607666,430
2017-04-06,2.658499956130981,2.681999921798706,2.6480000019073486,2.6554999351501465,415
2017-04-07,2.625,2.6454999446868896,2.6059999465942383,2.6449999809265137,363
2017-04-10,2.638000011444092,2.638000011444092,2.5999999046325684,2.601999998092652,517
2017-04-11,2.6070001125335693,2.6075000762939453,2.5840001106262207,2.6059999465942383,404
2017-04-12,2.5829999446868896,2.5829999446868896,2.5360000133514404,2.5439999103546143,293
2017-04-13,2.565000057220459,2.572999954223633,2.565000057220459,2.569499969482422,211
2017-04-17,2.5855000019073486,2.5989999771118164,2.5850000381469727,2.595000028610229,173
2017-04-18,2.5845000743865967,2.5845000743865967,2.5204999446868896,2.5290000438690186,216
2017-04-19,2.549499988555908,2.549499988555908,2.533499956130981,2.533499956130981,279
2017-04-20,2.52649998664856,2.54099988937378,2.52649998664856,2.54099988937378,491
2017-04-21,2.531500101089477,2.54099988937378,2.531500101089477,2.5364999771118164,284
2017-04-24,2.5350000858306885,2.553499937057495,2.5350000858306885,2.553499937057495,520
2017-04-25,2.572499990463257,2.5859999656677246,2.572499990463257,2.5820000171661377,269
2017-04-26,2.5899999141693115,2.5910000801086426,2.5794999599456787,2.5910000801086426,53314
2017-04-27,2.5905001163482666,2.5905001163482666,2.553499937057495,2.5799999237060547,18997
2017-04-28,2.5834999084472656,2.6015000343322754,2.577500104904175,2.5964999198913574,2959
2017-05-01,2.587500095367432,2.680000066757202,2.5855000019073486,2.650000095367432,1631
2017-05-02,2.650500059127808,2.650500059127808,2.615499973297119,2.625,1072
2017-05-03,2.617500066757202,2.617500066757202,2.50600004196167,2.532999992370605,1012
2017-05-04,2.51200008392334,2.5269999504089355,2.4800000190734863,2.502000093460083,783
2017-05-05,2.501499891281128,2.5269999504089355,2.495500087738037,2.5195000171661377,521
2017-05-08,2.5350000858306885,2.5350000858306885,2.470000028610229,2.4855000972747803,606
2017-05-09,2.4825000762939453,2.502000093460083,2.4800000190734863,2.490000009536743,647
2017-05-10,2.493000030517578,2.5,2.483999967575073,2.486999988555908,392
2017-05-11,2.492500066757202,2.5339999198913574,2.492500066757202,2.500999927520752,414
2017-05-12,2.507999897003174,2.5204999446868896,2.505000114440918,2.5179998874664307,343
2017-05-15,2.533499956130981,2.546999931335449,2.531500101089477,2.532999992370605,601
2017-05-16,2.5209999084472656,2.546499967575073,2.515500068664551,2.5445001125335693,351
2017-05-17,2.5355000495910645,2.5439999103546143,2.5274999141693115,2.5425000190734863,740
2017-05-18,2.5199999809265137,2.5309998989105225,2.48799991607666,2.52649998664856,587
2017-05-19,2.5434999465942383,2.576499938964844,2.5434999465942383,2.5739998817443848,809
2017-05-22,2.565000057220459,2.595000028610229,2.563499927520752,2.58899998664856,313
2017-05-23,2.575999975204468,2.5905001163482666,2.575500011444092,2.5905001163482666,973
2017-05-24,2.5840001106262207,2.5840001106262207,2.566999912261963,2.578000068664551,510
2017-05-25,2.576499938964844,2.609999895095825,2.576499938964844,2.5920000076293945,772
2017-05-26,2.5804998874664307,2.5810000896453857,2.55649995803833,2.559499979019165,393
2017-05-30,2.5510001182556152,2.565999984741211,2.5439999103546143,2.561000108718872,720
2017-05-31,2.567500114440918,2.5815000534057617,2.554500102996826,2.57699990272522,516
2017-06-01,2.576499938964844,2.587500095367432,2.575500011444092,2.5845000743865967,645
2017-06-02,2.555500030517578,2.57450008392334,2.5309998989105225,2.571500062942505,362
2017-06-05,2.55649995803833,2.557499885559082,2.549999952316284,2.554500102996826,322
2017-06-06,2.5350000858306885,2.558000087738037,2.5179998874664307,2.5445001125335693,294
2017-06-07,2.5460000038146973,2.549999952316284,2.5350000858306885,2.549000024795532,253
2017-06-08,2.549999952316284,2.609499931335449,2.5450000762939453,2.6070001125335693,308
2017-06-09,2.622999906539917,2.6470000743865967,2.615999937057495,2.6459999084472656,247
2017-06-12,2.621999979019165,2.625,2.611000061035156,2.612499952316284,274
2017-06-13,2.620500087738037,2.620500087738037,2.5864999294281006,2.5929999351501465,278
2017-06-14,2.5799999237060547,2.5799999237060547,2.5625,2.570499897003174,479
2017-06-15,2.569999933242798,2.569999933242798,2.555000066757202,2.563999891281128,524
2017-06-16,2.556999921798706,2.566999912261963,2.556999921798706,2.5625,492
2017-06-19,2.5894999504089355,2.5894999504089355,2.587500095367432,2.5894999504089355,265
2017-06-20,2.5864999294281006,2.5864999294281006,2.555000066757202,2.555000066757202,450
2017-06-21,2.539999961853028,2.601999998092652,2.539999961853028,2.601999998092652,251
2017-06-22,2.5989999771118164,2.5989999771118164,2.594000101089477,2.5980000495910645,318
2017-06-23,2.634500026702881,2.634500026702881,2.621999979019165,2.622999906539917,231
2017-06-26,2.621999979019165,2.627000093460083,2.617000102996826,2.625,315
2017-06-27,2.617000102996826,2.6465001106262207,2.617000102996826,2.6465001106262207,205
2017-06-28,2.650500059127808,2.6619999408721924,2.6484999656677246,2.6619999408721924,36325
2017-06-29,2.6605000495910645,2.700500011444092,2.6559998989105225,2.683000087738037,9143
2017-06-30,2.684499979019165,2.7060000896453857,2.6710000038146973,2.6989998817443848,1955
2017-07-03,2.686000108718872,2.700000047683716,2.674999952316284,2.680999994277954,1563
2017-07-05,2.67549991607666,2.6760001182556152,2.632999897003174,2.6489999294281006,980
2017-07-06,2.650000095367432,2.6554999351501465,2.6424999237060547,2.65149998664856,593
2017-07-07,2.657000064849853,2.657000064849853,2.632499933242798,2.637500047683716,556
2017-07-10,2.6419999599456787,2.6484999656677246,2.623500108718872,2.63949990272522,903
2017-07-11,2.638000011444092,2.6679999828338623,2.634999990463257,2.664499998092652,763
2017-07-12,2.6700000762939453,2.686500072479248,2.6675000190734863,2.677000045776367,503
2017-07-13,2.684999942779541,2.687999963760376,2.6540000438690186,2.6545000076293945,568
2017-07-14,2.657500028610229,2.686500072479248,2.657500028610229,2.684000015258789,448
2017-07-17,2.695499897003174,2.726999998092652,2.695499897003174,2.7170000076293945,538
2017-07-18,2.7105000019073486,2.7239999771118164,2.7105000019073486,2.7235000133514404,468
2017-07-19,2.7249999046325684,2.7255001068115234,2.700000047683716,2.703000068664551,433
2017-07-20,2.7044999599456787,2.7090001106262207,2.702500104904175,2.7084999084472656,367
2017-07-21,2.7300000190734863,2.734999895095825,2.7149999141693115,2.7149999141693115,293
2017-07-24,2.720499992370605,2.736000061035156,2.720499992370605,2.7290000915527344,615
2017-07-25,2.734499931335449,2.8405001163482666,2.727499961853028,2.8405001163482666,941
2017-07-26,2.8299999237060547,2.881500005722046,2.8299999237060547,2.86899995803833,970
2017-07-27,2.8924999237060547,2.8929998874664307,2.869999885559082,2.874000072479248,427
2017-07-28,2.864000082015991,2.875,2.8489999771118164,2.870500087738037,523
2017-07-31,2.8929998874664307,2.900000095367432,2.8864998817443848,2.888000011444092,436
2017-08-01,2.890500068664551,2.890500068664551,2.874500036239624,2.878999948501587,584
2017-08-02,2.875999927520752,2.884500026702881,2.871000051498413,2.882499933242798,409
2017-08-03,2.879499912261963,2.879499912261963,2.872499942779541,2.877000093460083,296
2017-08-04,2.874000072479248,2.88700008392334,2.867500066757202,2.884999990463257,296
2017-08-07,2.888499975204468,2.914499998092652,2.888499975204468,2.907999992370605,321
2017-08-08,2.907999992370605,2.942500114440918,2.907999992370605,2.942500114440918,314
2017-08-09,2.934499979019165,2.943000078201294,2.9200000762939453,2.930000066757202,471
2017-08-10,2.923500061035156,2.923500061035156,2.900000095367432,2.9059998989105225,374
2017-08-11,2.890000104904175,2.9140000343322754,2.880000114440918,2.9140000343322754,288
2017-08-14,2.901000022888184,2.906500101089477,2.890000104904175,2.906500101089477,295
2017-08-15,2.9019999504089355,2.9019999504089355,2.879499912261963,2.884500026702881,424
2017-08-16,2.884999990463257,2.9679999351501465,2.884999990463257,2.9544999599456787,278
2017-08-17,2.9614999294281006,2.963000059127808,2.930000066757202,2.937999963760376,222
2017-08-18,2.929500102996826,2.95199990272522,2.928999900817871,2.940500020980835,286
2017-08-21,2.963000059127808,3.002500057220459,2.963000059127808,2.9809999465942383,188
2017-08-22,2.970000028610229,3.009000062942505,2.970000028610229,2.986500024795532,374
2017-08-23,2.969000101089477,2.984499931335449,2.969000101089477,2.9804999828338623,178
2017-08-24,2.986000061035156,3.0385000705718994,2.986000061035156,3.033499956130981,227
2017-08-25,3.0369999408721924,3.053499937057495,3.0274999141693115,3.032999992370605,163
2017-08-28,3.071000099182129,3.076499938964844,3.065000057220459,3.065000057220459,532
2017-08-29,3.0824999809265137,3.0934998989105225,3.0794999599456787,3.0810000896453857,66287
2017-08-30,3.0810000896453857,3.094000101089477,3.059999942779541,3.064500093460083,66287
2017-08-31,3.065000057220459,3.114000082015991,3.064500093460083,3.0789999961853027,15355
2017-09-01,3.086999893188477,3.102499961853028,3.072999954223633,3.0980000495910645,4346
2017-09-05,3.0985000133514404,3.157999992370605,3.0929999351501465,3.1075000762939453,1756
2017-09-06,3.1075000762939453,3.138499975204468,3.1075000762939453,3.131500005722046,845
2017-09-07,3.135999917984009,3.135999917984009,3.095000028610229,3.122999906539917,1525
2017-09-08,3.127500057220459,3.138000011444092,3.0185000896453857,3.0215001106262207,1623
2017-09-11,3.025500059127808,3.061000108718872,3.0225000381469727,3.0460000038146973,969
2017-09-12,3.052500009536743,3.052500009536743,3.000499963760376,3.015500068664551,1306
2017-09-13,3.0195000171661377,3.0239999294281006,2.950999975204468,2.9609999656677246,819
2017-09-14,2.9570000171661377,2.9684998989105225,2.9179999828338623,2.936500072479248,1241
2017-09-15,2.946000099182129,2.947999954223633,2.9100000858306885,2.927999973297119,1111
2017-09-18,2.9605000019073486,2.9605000019073486,2.941999912261963,2.9489998817443848,1051
2017-09-19,2.947000026702881,2.9544999599456787,2.940500020980835,2.94950008392334,709
2017-09-20,2.9565000534057617,2.9665000438690186,2.936000108718872,2.94950008392334,1322
2017-09-21,2.9205000400543213,2.927999973297119,2.9089999198913574,2.9140000343322754,501
2017-09-22,2.90149998664856,2.930000066757202,2.875,2.924499988555908,572
2017-09-25,2.927000045776367,2.937000036239624,2.906500101089477,2.9175000190734863,584
2017-09-26,2.9179999828338623,2.944499969482422,2.890000104904175,2.8975000381469727,1136
2017-09-27,2.9165000915527344,2.9165000915527344,2.90149998664856,2.9110000133514404,3191
2017-09-28,2.908499956130981,2.970000028610229,2.907999992370605,2.962500095367432,1232
2017-09-29,2.963000059127808,2.963500022888184,2.93149995803833,2.9375,600
2017-10-02,2.9544999599456787,2.9544999599456787,2.927500009536743,2.939500093460083,1174
2017-10-03,2.937999963760376,2.950500011444092,2.9375,2.948499917984009,418
2017-10-04,2.953000068664551,2.953000068664551,2.944000005722046,2.944499969482422,365
2017-10-05,2.950500011444092,3.031500101089477,2.950500011444092,3.031500101089477,538
2017-10-06,3.0239999294281006,3.0239999294281006,3.007999897003174,3.01449990272522,400
2017-10-09,3.009999990463257,3.0169999599456787,3.009999990463257,3.0169999599456787,413
2017-10-10,3.025500059127808,3.052000045776367,3.0215001106262207,3.0455000400543213,717
2017-10-11,3.0425000190734863,3.0829999446868896,3.0415000915527344,3.0799999237060547,564
2017-10-12,3.0799999237060547,3.115499973297119,3.0799999237060547,3.1040000915527344,504
2017-10-13,3.1040000915527344,3.118499994277954,3.1040000915527344,3.118499994277954,317
2017-10-16,3.138000011444092,3.227499961853028,3.138000011444092,3.2239999771118164,348
2017-10-17,3.2170000076293945,3.2170000076293945,3.177000045776367,3.180500030517578,471
2017-10-18,3.17549991607666,3.184000015258789,3.157500028610229,3.1635000705718994,538
2017-10-19,3.150500059127808,3.1559998989105225,3.150000095367432,3.1530001163482666,414
2017-10-20,3.178999900817871,3.178999900817871,3.132499933242798,3.15149998664856,370
2017-10-23,3.1449999809265137,3.174999952316284,3.1449999809265137,3.174000024795532,363
2017-10-24,3.180999994277954,3.187000036239624,3.180999994277954,3.186500072479248,312
2017-10-25,3.1700000762939453,3.1760001182556152,3.1610000133514404,3.171499967575073,488
2017-10-26,3.1640000343322754,3.1675000190734863,3.1589999198913574,3.1675000190734863,345
2017-10-27,3.1475000381469727,3.1475000381469727,3.0739998817443848,3.0934998989105225,623
2017-10-30,3.0799999237060547,3.101999998092652,3.0799999237060547,3.101999998092652,684
2017-10-31,3.0999999046325684,3.10349988937378,3.0850000381469727,3.0920000076293945,655
2017-11-01,3.138000011444092,3.1410000324249268,3.126499891281128,3.132999897003174,438
2017-11-02,3.130000114440918,3.1470000743865967,3.095000028610229,3.135499954223633,567
2017-11-03,3.134500026702881,3.135999917984009,3.101999998092652,3.1105000972747803,354
2017-11-06,3.1489999294281006,3.1530001163482666,3.1440000534057617,3.150500059127808,271
2017-11-07,3.115000009536743,3.115000009536743,3.0785000324249268,3.0824999809265137,381
2017-11-08,3.0924999713897705,3.0985000133514404,3.0924999713897705,3.0929999351501465,260
2017-11-09,3.077500104904175,3.0855000019073486,3.07699990272522,3.0799999237060547,222
2017-11-10,3.0789999961853027,3.0789999961853027,3.063499927520752,3.069499969482422,214
2017-11-13,3.0859999656677246,3.125999927520752,3.0859999656677246,3.111500024795532,368
2017-11-14,3.102999925613404,3.102999925613404,3.0450000762939453,3.059999942779541,289
2017-11-15,3.05049991607666,3.057499885559082,3.033499956130981,3.049000024795532,338
2017-11-16,3.0450000762939453,3.05649995803833,3.040499925613404,3.0434999465942383,331
2017-11-17,3.0299999713897705,3.064500093460083,3.0299999713897705,3.0625,233
2017-11-20,3.0510001182556152,3.0905001163482666,3.0510001182556152,3.0905001163482666,382
2017-11-21,3.0859999656677246,3.125499963760376,3.0859999656677246,3.125499963760376,424
2017-11-22,3.134500026702881,3.135999917984009,3.134500026702881,3.134500026702881,316
2017-11-24,3.125999927520752,3.173500061035156,3.125,3.16599988937378,193
2017-11-27,3.13100004196167,3.134000062942505,3.13100004196167,3.132499933242798,245
2017-11-28,3.1050000190734863,3.1050000190734863,3.06850004196167,3.070499897003174,73600
2017-11-29,3.068000078201294,3.0834999084472656,3.032500028610229,3.039999961853028,19125
2017-11-30,3.0369999408721924,3.063499927520752,3.024499893188477,3.0369999408721924,2038
2017-12-01,3.0445001125335693,3.0975000858306885,3.0445001125335693,3.065500020980835,2053
2017-12-04,3.068000078201294,3.0840001106262207,3.059000015258789,3.062999963760376,886
2017-12-05,3.063999891281128,3.065000057220459,2.9205000400543213,2.9205000400543213,1747
2017-12-06,2.928499937057495,2.9614999294281006,2.928499937057495,2.936500072479248,768
2017-12-07,2.950999975204468,2.9679999351501465,2.928999900817871,2.940500020980835,692
2017-12-08,2.938499927520752,2.9665000438690186,2.938499927520752,2.9549999237060547,691
2017-12-11,2.950500011444092,2.993000030517578,2.940000057220459,2.98799991607666,479
2017-12-12,2.990000009536743,3.000499963760376,2.9830000400543213,2.999500036239624,836
2017-12-13,2.993000030517578,3.0350000858306885,2.993000030517578,3.0295000076293945,535
2017-12-14,3.032999992370605,3.052000045776367,3.0160000324249268,3.048500061035156,1029
2017-12-15,3.0420000553131104,3.114500045776367,3.0420000553131104,3.109999895095825,560
2017-12-18,3.095999956130981,3.122999906539917,3.0899999141693115,3.121999979019165,618
2017-12-19,3.111000061035156,3.129499912261963,3.0920000076293945,3.127500057220459,711
2017-12-20,3.119499921798706,3.177000045776367,3.119499921798706,3.171499967575073,600
2017-12-21,3.1695001125335693,3.194499969482422,3.1630001068115234,3.194499969482422,977
2017-12-22,3.188499927520752,3.2184998989105225,3.184499979019165,3.2144999504089355,946
2017-12-26,3.220999956130981,3.257999897003174,3.220999956130981,3.25600004196167,500
2017-12-27,3.256999969482422,3.256999969482422,3.256999969482422,3.256999969482422,1033
2017-12-28,3.249500036239624,3.2955000400543213,3.249500036239624,3.2860000133514404,814
2017-12-29,3.253000020980835,3.2795000076293945,3.253000020980835,3.2795000076293945,874
2018-01-02,3.250999927520752,3.2669999599456787,3.250499963760376,3.25600004196167,764
2018-01-03,3.239000082015991,3.243499994277954,3.2219998836517334,3.236999988555908,328
2018-01-04,3.263000011444092,3.263000011444092,3.236000061035156,3.242500066757202,322
2018-01-05,3.2090001106262207,3.2109999656677246,3.2070000171661377,3.2070000171661377,575
2018-01-08,3.2054998874664307,3.21399998664856,3.200000047683716,3.200999975204468,695
2018-01-09,3.219000101089477,3.2235000133514404,3.193000078201294,3.194499969482422,833
2018-01-10,3.2265000343322754,3.2265000343322754,3.2149999141693115,3.2149999141693115,380
2018-01-11,3.2149999141693115,3.2155001163482666,3.2100000381469727,3.213500022888184,320
2018-01-12,3.200000047683716,3.200000047683716,3.200000047683716,3.200000047683716,321
2018-01-16,3.241499900817871,3.246500015258789,3.1679999828338623,3.1989998817443848,1024
2018-01-17,3.1700000762939453,3.171499967575073,3.1600000858306885,3.1665000915527344,674
2018-01-18,3.180000066757202,3.180000066757202,3.177000045776367,3.177000045776367,417
2018-01-19,3.1670000553131104,3.1670000553131104,3.1670000553131104,3.1670000553131104,240
2018-01-22,3.188499927520752,3.188499927520752,3.174999952316284,3.177500009536743,231
2018-01-23,3.1424999237060547,3.1424999237060547,3.0894999504089355,3.0894999504089355,345
2018-01-24,3.1530001163482666,3.213500022888184,3.1530001163482666,3.2084999084472656,323
2018-01-25,3.2165000438690186,3.2165000438690186,3.1989998817443848,3.1989998817443848,352
2018-01-26,3.174499988555908,3.182499885559082,3.174499988555908,3.182499885559082,709
2018-01-30,3.1600000858306885,3.186500072479248,3.150000095367432,3.177000045776367,665
2018-01-31,3.2105000019073486,3.2105000019073486,3.184000015258789,3.184000015258789,803
2018-02-01,3.180000066757202,3.2074999809265137,3.177500009536743,3.197000026702881,893
2018-02-02,3.191999912261963,3.2054998874664307,3.1630001068115234,3.176500082015991,413
2018-02-05,3.2165000438690186,3.240000009536743,3.178999900817871,3.2105000019073486,450
2018-02-06,3.180999994277954,3.200500011444092,3.151000022888184,3.177500009536743,492
2018-02-07,3.130500078201294,3.130500078201294,3.076499938964844,3.076499938964844,328
2018-02-08,3.078000068664551,3.08899998664856,3.055999994277954,3.072000026702881,410
2018-02-09,3.066499948501587,3.068000078201294,3.0209999084472656,3.024499893188477,469
2018-02-12,3.0450000762939453,3.077500104904175,3.0450000762939453,3.077500104904175,612
2018-02-13,3.0785000324249268,3.1545000076293945,3.0785000324249268,3.1545000076293945,353
2018-02-14,3.227499961853028,3.22849988937378,3.227499961853028,3.22849988937378,412
2018-02-15,3.219500064849853,3.239500045776367,3.2149999141693115,3.239000082015991,409
2018-02-16,3.249500036239624,3.249500036239624,3.233999967575073,3.243000030517578,404
2018-02-20,3.2239999771118164,3.2335000038146973,3.180999994277954,3.186000108718872,265
2018-02-21,3.179500102996826,3.2114999294281006,3.179500102996826,3.2114999294281006,300
2018-02-22,3.178499937057495,3.237499952316284,3.178499937057495,3.237499952316284,342
2018-02-23,3.1989998817443848,3.2084999084472656,3.198499917984009,3.2084999084472656,290
2018-02-26,3.2035000324249268,3.2044999599456787,3.195499897003174,3.196000099182129,52000
2018-02-27,3.1989998817443848,3.2095000743865967,3.133500099182129,3.157500028610229,16684
2018-02-28,3.1549999713897705,3.156500101089477,3.101999998092652,3.1075000762939453,3318
2018-03-01,3.1045000553131104,3.121500015258789,3.0804998874664307,3.0994999408721924,1730
2018-03-02,3.1045000553131104,3.118499994277954,3.087500095367432,3.1010000705718994,1058
2018-03-05,3.114500045776367,3.114500045776367,3.073499917984009,3.1054999828338623,1006
2018-03-06,3.1045000553131104,3.1549999713897705,3.1045000553131104,3.13700008392334,537
2018-03-07,3.122499942779541,3.122499942779541,3.0964999198913574,3.114000082015991,744
2018-03-08,3.0980000495910645,3.0980000495910645,3.051500082015991,3.058500051498413,647
2018-03-09,3.058000087738037,3.125499963760376,3.04099988937378,3.115999937057495,750
2018-03-12,3.123500108718872,3.125,3.0920000076293945,3.1040000915527344,634
2018-03-13,3.1005001068115234,3.121500015258789,3.0929999351501465,3.11899995803833,1024
2018-03-14,3.123500108718872,3.1705000400543213,3.122999906539917,3.140000104904175,446
2018-03-15,3.131500005722046,3.1445000171661377,3.0920000076293945,3.111000061035156,493
2018-03-16,3.122999906539917,3.125999927520752,3.075999975204468,3.0929999351501465,484
2018-03-19,3.0899999141693115,3.0899999141693115,3.055500030517578,3.069499969482422,475
2018-03-20,3.061500072479248,3.068000078201294,3.0225000381469727,3.025500059127808,718
2018-03-21,3.032500028610229,3.06850004196167,3.009999990463257,3.048500061035156,989
2018-03-22,3.048500061035156,3.048500061035156,2.995500087738037,3.01200008392334,372
2018-03-23,3.0,3.006500005722046,2.9735000133514404,2.984499931335449,348
2018-03-26,2.950000047683716,2.9804999828338623,2.946000099182129,2.9605000019073486,354
2018-03-27,2.9760000705718994,2.991499900817871,2.9760000705718994,2.991499900817871,482
2018-03-28,2.9655001163482666,2.997999906539917,2.9644999504089355,2.99399995803833,2128
2018-03-29,2.990000009536743,3.0360000133514404,2.990000009536743,3.0190000534057617,803
2018-04-02,3.0450000762939453,3.061000108718872,3.032500028610229,3.040499925613404,427
2018-04-03,3.049499988555908,3.061500072479248,3.040499925613404,3.058000087738037,590
2018-04-04,3.057499885559082,3.057499885559082,2.9719998836517334,3.006999969482422,955
2018-04-05,3.0510001182556152,3.071000099182129,3.0439999103546143,3.069499969482422,236
2018-04-06,3.0510001182556152,3.054500102996826,3.0350000858306885,3.053999900817871,493
2018-04-09,3.061000108718872,3.072000026702881,3.060499906539917,3.071500062942505,318
2018-04-10,3.088000059127808,3.134500026702881,3.088000059127808,3.13100004196167,414
2018-04-11,3.117500066757202,3.117500066757202,3.1045000553131104,3.111999988555908,422
2018-04-12,3.0480000972747803,3.059999942779541,3.0450000762939453,3.059999942779541,456
2018-04-13,3.064500093460083,3.067500114440918,3.059999942779541,3.067500114440918,375
2018-04-16,3.06850004196167,3.1045000553131104,3.06850004196167,3.0915000438690186,375
2018-04-17,3.06850004196167,3.075000047683716,3.06850004196167,3.075000047683716,240
2018-04-18,3.1605000495910645,3.1640000343322754,3.1475000381469727,3.1535000801086426,446
2018-04-19,3.119999885559082,3.128000020980835,3.119999885559082,3.128000020980835,346
2018-04-20,3.1059999465942383,3.140000104904175,3.1059999465942383,3.131500005722046,278
2018-04-23,3.0850000381469727,3.1080000400543213,3.0850000381469727,3.1080000400543213,317
2018-04-24,3.1470000743865967,3.1470000743865967,3.132499933242798,3.138499975204468,293
2018-04-25,3.130000114440918,3.131999969482422,3.127500057220459,3.131999969482422,427
2018-04-26,3.125499963760376,3.125499963760376,3.11299991607666,3.11299991607666,60770
2018-04-27,3.115999937057495,3.119999885559082,3.0290000438690186,3.0460000038146973,12508
2018-04-30,3.051500082015991,3.065500020980835,3.032999992370605,3.052500009536743,2710
2018-05-01,3.048500061035156,3.052999973297119,2.998500108718872,3.015000104904175,1485
2018-05-02,3.032500028610229,3.058500051498413,3.0280001163482666,3.047499895095825,1039
2018-05-03,3.0445001125335693,3.094000101089477,3.04099988937378,3.059000015258789,526
2018-05-04,3.062999963760376,3.0804998874664307,3.0460000038146973,3.065500020980835,689
2018-05-07,3.055000066757202,3.0829999446868896,3.0450000762939453,3.059499979019165,583
2018-05-08,3.058000087738037,3.069499969482422,2.997999906539917,3.040499925613404,785
2018-05-09,3.032999992370605,3.0445001125335693,3.032999992370605,3.039499998092652,510
2018-05-10,3.0429999828338623,3.094000101089477,3.0429999828338623,3.0924999713897705,761
2018-05-11,3.0915000438690186,3.1045000553131104,3.0915000438690186,3.095000028610229,486
2018-05-14,3.075000047683716,3.0859999656677246,3.070499897003174,3.0785000324249268,702
2018-05-15,3.078000068664551,3.078000068664551,3.0220000743865967,3.0425000190734863,997
2018-05-16,3.0350000858306885,3.060499906539917,3.0350000858306885,3.058500051498413,687
2018-05-17,3.070499897003174,3.07699990272522,3.061000108718872,3.07699990272522,713
2018-05-18,3.049999952316284,3.069000005722046,3.0450000762939453,3.0510001182556152,392
2018-05-21,3.060499906539917,3.0899999141693115,3.060499906539917,3.0855000019073486,485
2018-05-22,3.0999999046325684,3.132999897003174,3.0999999046325684,3.11899995803833,513
2018-05-23,3.0899999141693115,3.0899999141693115,3.0364999771118164,3.060499906539917,751
2018-05-24,3.057499885559082,3.0899999141693115,3.057499885559082,3.0855000019073486,1018
2018-05-25,3.094500064849853,3.094500064849853,3.065000057220459,3.066999912261963,398
2018-05-29,3.07450008392334,3.0799999237060547,3.052000045776367,3.052000045776367,1401
2018-05-30,3.0439999103546143,3.062000036239624,3.0,3.059499979019165,1695
2018-05-31,3.063499927520752,3.065999984741211,3.046999931335449,3.058000087738037,836
2018-06-01,3.05649995803833,3.0915000438690186,3.049000024795532,3.0915000438690186,921
2018-06-04,3.101999998092652,3.130000114440918,3.0964999198913574,3.126499891281128,360
2018-06-05,3.137500047683716,3.2039999961853027,3.137500047683716,3.190999984741211,415
2018-06-06,3.198499917984009,3.258500099182129,3.198499917984009,3.254499912261963,578
2018-06-07,3.2674999237060547,3.296999931335449,3.251499891281128,3.2679998874664307,380
2018-06-08,3.246000051498413,3.2934999465942383,3.246000051498413,3.2929999828338623,415
2018-06-11,3.281500101089477,3.281500101089477,3.244499921798706,3.250499963760376,643
2018-06-12,3.240000009536743,3.242500066757202,3.240000009536743,3.242500066757202,368
2018-06-13,3.250999927520752,3.250999927520752,3.245500087738037,3.247999906539917,549
2018-06-14,3.2244999408721924,3.2249999046325684,3.2105000019073486,3.2165000438690186,404
2018-06-15,3.2244999408721924,3.2249999046325684,3.130000114440918,3.1410000324249268,489
2018-06-18,3.135999917984009,3.135999917984009,3.0924999713897705,3.10349988937378,351
2018-06-19,3.0434999465942383,3.061000108718872,3.0434999465942383,3.046499967575073,506
2018-06-20,3.0439999103546143,3.05049991607666,3.0439999103546143,3.046499967575073,382
2018-06-21,3.0434999465942383,3.0434999465942383,3.025000095367432,3.025000095367432,300
2018-06-22,3.0295000076293945,3.032500028610229,3.0295000076293945,3.032500028610229,458
2018-06-25,3.0185000896453857,3.0185000896453857,2.991499900817871,2.992000102996826,560
2018-06-26,2.990499973297119,3.0,2.990499973297119,2.996999979019165,451
2018-06-27,2.9644999504089355,2.995500087738037,2.9644999504089355,2.989500045776367,55768
2018-06-28,2.977499961853028,2.9809999465942383,2.930000066757202,2.9535000324249268,10593
2018-06-29,2.950999975204468,2.9804999828338623,2.942500114440918,2.950999975204468,4933
2018-07-02,2.9539999961853027,2.9560000896453857,2.908499956130981,2.93149995803833,1741
2018-07-03,2.930500030517578,2.941999912261963,2.8970000743865967,2.9059998989105225,1330
2018-07-05,2.8585000038146973,2.859499931335449,2.811000108718872,2.813999891281128,1052
2018-07-06,2.818000078201294,2.819499969482422,2.7855000495910645,2.812999963760376,552
2018-07-09,2.8494999408721924,2.858999967575073,2.8340001106262207,2.83899998664856,875
2018-07-10,2.811000108718872,2.8299999237060547,2.809999942779541,2.8285000324249268,499
2018-07-11,2.818000078201294,2.818000078201294,2.7144999504089355,2.7335000038146973,535
2018-07-12,2.727999925613404,2.7799999713897705,2.7219998836517334,2.7679998874664307,551
2018-07-13,2.775000095367432,2.77649998664856,2.753000020980835,2.7699999809265137,681
2018-07-16,2.7734999656677246,2.7790000438690186,2.740000009536743,2.756999969482422,1040
2018-07-17,2.759999990463257,2.7734999656677246,2.736500024795532,2.739500045776367,651
2018-07-18,2.746999979019165,2.756500005722046,2.7100000381469727,2.752000093460083,663
2018-07-19,2.755500078201294,2.755500078201294,2.6695001125335693,2.686000108718872,885
2018-07-20,2.679500102996826,2.749500036239624,2.679500102996826,2.746000051498413,595
2018-07-23,2.748500108718872,2.749000072479248,2.7300000190734863,2.736999988555908,779
2018-07-24,2.736500024795532,2.799999952316284,2.736500024795532,2.799999952316284,371
2018-07-25,2.7929999828338623,2.8434998989105225,2.7929999828338623,2.805999994277954,684
2018-07-26,2.8420000076293945,2.8420000076293945,2.7890000343322754,2.803999900817871,626
2018-07-27,2.7874999046325684,2.7874999046325684,2.7874999046325684,2.7874999046325684,2207
2018-07-30,2.7929999828338623,2.7955000400543213,2.75,2.7790000438690186,1098
2018-07-31,2.782000064849853,2.822499990463257,2.7690000534057617,2.819000005722046,762
2018-08-01,2.815000057220459,2.815000057220459,2.720000028610229,2.734999895095825,801
2018-08-02,2.7300000190734863,2.734999895095825,2.7079999446868896,2.726999998092652,616
2018-08-03,2.700000047683716,2.753499984741211,2.700000047683716,2.753499984741211,386
2018-08-06,2.740000009536743,2.740000009536743,2.700500011444092,2.720999956130981,618
2018-08-07,2.740999937057495,2.740999937057495,2.740999937057495,2.740999937057495,526
2018-08-08,2.740000009536743,2.742000102996826,2.739000082015991,2.740499973297119,437
2018-08-09,2.7980000972747803,2.7980000972747803,2.753999948501587,2.755500078201294,445
2018-08-10,2.746500015258789,2.752500057220459,2.7314999103546143,2.7325000762939453,263
2018-08-13,2.713000059127808,2.7335000038146973,2.713000059127808,2.7219998836517334,337
2018-08-14,2.680999994277954,2.680999994277954,2.674499988555908,2.67549991607666,827
2018-08-15,2.6700000762939453,2.6700000762939453,2.556999921798706,2.556999921798706,936
2018-08-16,2.5815000534057617,2.624000072479248,2.5815000534057617,2.6135001182556152,290
2018-08-17,2.624500036239624,2.631500005722046,2.622999906539917,2.624500036239624,423
2018-08-20,2.657999992370605,2.6635000705718994,2.6519999504089355,2.6635000705718994,688
2018-08-21,2.672499895095825,2.690999984741211,2.672499895095825,2.689500093460083,649
2018-08-22,2.67549991607666,2.677000045776367,2.664499998092652,2.6684999465942383,572
2018-08-23,2.6414999961853027,2.6554999351501465,2.6410000324249268,2.6524999141693115,797
2018-08-24,2.6484999656677246,2.7084999084472656,2.6484999656677246,2.6989998817443848,260
2018-08-27,2.7049999237060547,2.7049999237060547,2.7049999237060547,2.7049999237060547,596
2018-08-28,2.740000009536743,2.742500066757202,2.7214999198913574,2.733999967575073,420
2018-08-29,2.711999893188477,2.713000059127808,2.7035000324249268,2.7090001106262207,49669
2018-08-30,2.7079999446868896,2.712500095367432,2.6549999713897705,2.690500020980835,20088
2018-08-31,2.67549991607666,2.687000036239624,2.6419999599456787,2.6489999294281006,3247
2018-09-04,2.635499954223633,2.6424999237060547,2.564500093460083,2.5834999084472656,1369
2018-09-05,2.5845000743865967,2.601999998092652,2.5815000534057617,2.5924999713897705,789
2018-09-06,2.6080000400543213,2.6470000743865967,2.6080000400543213,2.618499994277954,840
2018-09-07,2.601999998092652,2.63100004196167,2.5810000896453857,2.60349988937378,910
2018-09-10,2.5980000495910645,2.615499973297119,2.5859999656677246,2.6105000972747803,943
2018-09-11,2.6075000762939453,2.634999990463257,2.565999984741211,2.6040000915527344,942
2018-09-12,2.5994999408721924,2.6670000553131104,2.5994999408721924,2.658499956130981,614
2018-09-13,2.6624999046325684,2.696000099182129,2.6554999351501465,2.664499998092652,848
2018-09-14,2.66599988937378,2.66599988937378,2.595000028610229,2.627500057220459,793
2018-09-17,2.5980000495910645,2.635999917984009,2.5980000495910645,2.633500099182129,607
2018-09-18,2.63100004196167,2.720000028610229,2.595000028610229,2.711999893188477,765
2018-09-19,2.7225000858306885,2.7230000495910645,2.7065000534057617,2.7100000381469727,420
2018-09-20,2.7084999084472656,2.75,2.701499938964844,2.720999956130981,545
2018-09-21,2.759999990463257,2.838000059127808,2.75,2.8364999294281006,659
2018-09-24,2.8350000381469727,2.845999956130981,2.806999921798706,2.815999984741211,526
2018-09-25,2.7720000743865967,2.823499917984009,2.7720000743865967,2.803499937057495,1014
2018-09-26,2.804500102996826,2.806999921798706,2.802500009536743,2.806999921798706,2012
2018-09-27,2.798500061035156,2.80049991607666,2.751499891281128,2.76449990272522,1923
2018-09-28,2.7695000171661377,2.790499925613404,2.753000020980835,2.7869999408721924,668
2018-10-01,2.782999992370605,2.7855000495910645,2.746000051498413,2.7739999294281006,904
2018-10-02,2.7725000381469727,2.8399999141693115,2.752500057220459,2.7950000762939453,627
2018-10-03,2.796499967575073,2.822499990463257,2.7880001068115234,2.822499990463257,291
2018-10-04,2.8355000019073486,2.8399999141693115,2.765000104904175,2.765000104904175,532
2018-10-05,2.7715001106262207,2.7715001106262207,2.745500087738037,2.750999927520752,407
2018-10-08,2.736000061035156,2.755000114440918,2.7320001125335693,2.755000114440918,514
2018-10-09,2.7715001106262207,2.803499937057495,2.742000102996826,2.7950000762939453,498
2018-10-10,2.798500061035156,2.798500061035156,2.734999895095825,2.7690000534057617,498
2018-10-11,2.734999895095825,2.796999931335449,2.7149999141693115,2.796999931335449,290
2018-10-12,2.809000015258789,2.811000108718872,2.7929999828338623,2.7929999828338623,193
2018-10-15,2.8010001182556152,2.8304998874664307,2.7804999351501465,2.7804999351501465,226
2018-10-16,2.7730000019073486,2.7804999351501465,2.7690000534057617,2.7704999446868896,221
2018-10-17,2.7730000019073486,2.7734999656677246,2.756999969482422,2.7669999599456787,468
2018-10-18,2.765500068664551,2.765500068664551,2.737499952316284,2.737499952316284,270
2018-10-19,2.739000082015991,2.7709999084472656,2.739000082015991,2.7679998874664307,519
2018-10-22,2.7699999809265137,2.812000036239624,2.7699999809265137,2.7739999294281006,700
2018-10-23,2.7690000534057617,2.7690000534057617,2.733999967575073,2.746999979019165,351
2018-10-24,2.749500036239624,2.755500078201294,2.746500015258789,2.746500015258789,254
2018-10-25,2.720000028610229,2.763999938964844,2.720000028610229,2.748500108718872,681
2018-10-26,2.72849988937378,2.749000072479248,2.7235000133514404,2.74399995803833,388
2018-10-29,2.762500047683716,2.7664999961853027,2.7385001182556152,2.7385001182556152,971
2018-10-30,2.7114999294281006,2.7244999408721924,2.6630001068115234,2.6630001068115234,890
2018-10-31,2.664999961853028,2.683500051498413,2.6530001163482666,2.6635000705718994,771
2018-11-01,2.67549991607666,2.7260000705718994,2.6710000038146973,2.7214999198913574,1105
2018-11-02,2.720000028610229,2.802999973297119,2.720000028610229,2.802999973297119,787
2018-11-05,2.7860000133514404,2.7860000133514404,2.752500057220459,2.755500078201294,499
2018-11-06,2.750499963760376,2.760499954223633,2.7300000190734863,2.7304999828338623,425
2018-11-07,2.746000051498413,2.752500057220459,2.740000009536743,2.752500057220459,671
2018-11-08,2.7335000038146973,2.736999988555908,2.7060000896453857,2.736999988555908,425
2018-11-09,2.7300000190734863,2.7300000190734863,2.680500030517578,2.686500072479248,325
2018-11-12,2.677999973297119,2.677999973297119,2.677999973297119,2.677999973297119,302
2018-11-13,2.720000028610229,2.720000028610229,2.680000066757202,2.687000036239624,701
2018-11-14,2.7095000743865967,2.7095000743865967,2.7095000743865967,2.7095000743865967,361
2018-11-15,2.744999885559082,2.750999927520752,2.744999885559082,2.749000072479248,277
2018-11-16,2.803999900817871,2.803999900817871,2.7929999828338623,2.803999900817871,300
2018-11-19,2.7799999713897705,2.804500102996826,2.765500068664551,2.804500102996826,681
2018-11-20,2.790499925613404,2.81850004196167,2.7664999961853027,2.7664999961853027,434
2018-11-21,2.756500005722046,2.7945001125335693,2.756500005722046,2.7945001125335693,281
2018-11-23,2.7704999446868896,2.7704999446868896,2.7704999446868896,2.7704999446868896,300
2018-11-26,2.763000011444092,2.763000011444092,2.750999927520752,2.758500099182129,244
2018-11-27,2.7255001068115234,2.7330000400543213,2.7105000019073486,2.7105000019073486,267
2018-11-28,2.736500024795532,2.7960000038146973,2.736000061035156,2.7960000038146973,45923
2018-11-29,2.790499925613404,2.796499967575073,2.7685000896453857,2.7780001163482666,10656
2018-11-30,2.7780001163482666,2.790499925613404,2.756999969482422,2.7774999141693115,1793
2018-12-03,2.799999952316284,2.8469998836517334,2.7790000438690186,2.799499988555908,1624
2018-12-04,2.7945001125335693,2.810499906539917,2.740000009536743,2.748500108718872,1083
2018-12-06,2.759000062942505,2.759000062942505,2.7049999237060547,2.740499973297119,1124
2018-12-07,2.760999917984009,2.76200008392334,2.745500087738037,2.757499933242798,773
2018-12-10,2.736500024795532,2.746000051498413,2.7155001163482666,2.7184998989105225,529
2018-12-11,2.7260000705718994,2.7715001106262207,2.7260000705718994,2.7660000324249268,576
2018-12-12,2.7614998817443848,2.7685000896453857,2.753499984741211,2.7685000896453857,739
2018-12-13,2.7880001068115234,2.7880001068115234,2.7614998817443848,2.762500047683716,418
2018-12-14,2.759999990463257,2.760499954223633,2.72849988937378,2.760499954223633,813
2018-12-17,2.753000020980835,2.753000020980835,2.7184998989105225,2.753000020980835,727
2018-12-18,2.740000009536743,2.740000009536743,2.6600000858306885,2.6710000038146973,1007
2018-12-19,2.686000108718872,2.7214999198913574,2.679500102996826,2.7214999198913574,466
2018-12-20,2.6689999103546143,2.7079999446868896,2.6689999103546143,2.70199990272522,402
2018-12-21,2.690500020980835,2.696000099182129,2.6675000190734863,2.678499937057495,534
2018-12-24,2.674999952316284,2.674999952316284,2.6684999465942383,2.6684999465942383,374
2018-12-26,2.6700000762939453,2.7084999084472656,2.650000095367432,2.7084999084472656,346
2018-12-27,2.685499906539917,2.686000108718872,2.6675000190734863,2.6675000190734863,599
2018-12-28,2.683000087738037,2.71399998664856,2.673500061035156,2.678999900817871,2189
2018-12-31,2.6730000972747803,2.6730000972747803,2.627500057220459,2.628000020980835,1533
2019-01-02,2.66599988937378,2.66599988937378,2.5994999408721924,2.625,725
2019-01-03,2.5899999141693115,2.6010000705718994,2.549499988555908,2.570499897003174,411
2019-01-04,2.6105000972747803,2.65149998664856,2.6105000972747803,2.65149998664856,257
2019-01-07,2.6445000171661377,2.6459999084472656,2.6410000324249268,2.6410000324249268,363
2019-01-08,2.6484999656677246,2.6605000495910645,2.637500047683716,2.6605000495910645,398
2019-01-09,2.656500101089477,2.678499937057495,2.656500101089477,2.6619999408721924,330
2019-01-10,2.6545000076293945,2.6545000076293945,2.638000011444092,2.6435000896453857,320
2019-01-11,2.6519999504089355,2.6695001125335693,2.6440000534057617,2.6695001125335693,290
2019-01-14,2.638000011444092,2.6454999446868896,2.635499954223633,2.6454999446868896,381
2019-01-15,2.6600000858306885,2.6700000762939453,2.6489999294281006,2.650500059127808,370
2019-01-16,2.67549991607666,2.69350004196167,2.67549991607666,2.69350004196167,324
2019-01-17,2.68149995803833,2.712500095367432,2.677999973297119,2.700000047683716,380
2019-01-18,2.7039999961853027,2.740999937057495,2.7039999961853027,2.740999937057495,289
2019-01-22,2.712500095367432,2.712500095367432,2.686500072479248,2.688999891281128,360
2019-01-23,2.691499948501587,2.694000005722046,2.691499948501587,2.694000005722046,393
2019-01-24,2.682499885559082,2.682499885559082,2.673500061035156,2.673500061035156,382
2019-01-25,2.671499967575073,2.73799991607666,2.671499967575073,2.73799991607666,372
2019-01-28,2.711999893188477,2.711999893188477,2.6875,2.6875,484
2019-01-29,2.7320001125335693,2.7320001125335693,2.7320001125335693,2.7320001125335693,299
2019-01-30,2.742500066757202,2.7869999408721924,2.742500066757202,2.7730000019073486,992
2019-01-31,2.7795000076293945,2.7980000972747803,2.7795000076293945,2.7890000343322754,613
2019-02-01,2.765000104904175,2.781500101089477,2.756999969482422,2.775000095367432,978
2019-02-04,2.765500068664551,2.80049991607666,2.760499954223633,2.7950000762939453,710
2019-02-05,2.804500102996826,2.822499990463257,2.802999973297119,2.816999912261963,684
2019-02-06,2.845499992370605,2.845499992370605,2.82450008392334,2.8355000019073486,757
2019-02-07,2.8304998874664307,2.836999893188477,2.825000047683716,2.8285000324249268,779
2019-02-08,2.8285000324249268,2.8324999809265137,2.805000066757202,2.809999942779541,764
2019-02-11,2.7950000762939453,2.796999931335449,2.7850000858306885,2.7915000915527344,404
2019-02-12,2.7864999771118164,2.7864999771118164,2.759500026702881,2.774499893188477,657
2019-02-13,2.7734999656677246,2.7780001163482666,2.7695000171661377,2.7739999294281006,420
2019-02-14,2.7734999656677246,2.776000022888184,2.7660000324249268,2.776000022888184,371
2019-02-15,2.802000045776367,2.819999933242798,2.7890000343322754,2.802500009536743,424
2019-02-19,2.8424999713897705,2.881500005722046,2.8394999504089355,2.881500005722046,347
2019-02-20,2.9040000438690186,2.930000066757202,2.9040000438690186,2.930000066757202,370
2019-02-21,2.9140000343322754,2.9140000343322754,2.9024999141693115,2.9024999141693115,603
2019-02-22,2.934999942779541,2.9609999656677246,2.934999942779541,2.9609999656677246,311
2019-02-25,2.9605000019073486,2.9605000019073486,2.9489998817443848,2.950000047683716,173
2019-02-26,2.9539999961853027,2.9539999961853027,2.944000005722046,2.944000005722046,54177
2019-02-27,2.944000005722046,2.9714999198913574,2.927999973297119,2.9590001106262207,12839
2019-02-28,2.9679999351501465,2.9679999351501465,2.942500114440918,2.950000047683716,2510
2019-03-01,2.946500062942505,2.977999925613404,2.92549991607666,2.933500051498413,1431
2019-03-04,2.933500051498413,2.947000026702881,2.900000095367432,2.9110000133514404,832
2019-03-05,2.9195001125335693,2.950500011444092,2.9195001125335693,2.936000108718872,970
2019-03-06,2.937999963760376,2.94350004196167,2.9179999828338623,2.9184999465942383,990
2019-03-07,2.924999952316284,2.924999952316284,2.8965001106262207,2.9114999771118164,692
2019-03-08,2.8959999084472656,2.9024999141693115,2.877000093460083,2.8940000534057617,875
2019-03-11,2.8940000534057617,2.9054999351501465,2.8940000534057617,2.900000095367432,341
2019-03-12,2.9119999408721924,2.950999975204468,2.9110000133514404,2.927500009536743,610
2019-03-13,2.922499895095825,2.934000015258789,2.922499895095825,2.933500051498413,570
2019-03-14,2.929500102996826,2.929500102996826,2.880000114440918,2.888499975204468,698
2019-03-15,2.885499954223633,2.914499998092652,2.885499954223633,2.9035000801086426,407
2019-03-18,2.9189999103546143,2.92549991607666,2.9024999141693115,2.9035000801086426,319
2019-03-19,2.9089999198913574,2.934499979019165,2.9089999198913574,2.9195001125335693,494
2019-03-20,2.914499998092652,2.934000015258789,2.9049999713897705,2.915499925613404,475
2019-03-21,2.947499990463257,2.947499990463257,2.890000104904175,2.900000095367432,351
2019-03-22,2.890000104904175,2.890000104904175,2.8350000381469727,2.8359999656677246,289
2019-03-25,2.8485000133514404,2.8499999046325684,2.8334999084472656,2.8494999408721924,492
2019-03-26,2.8575000762939453,2.859999895095825,2.8505001068115234,2.8505001068115234,634
2019-03-27,2.8575000762939453,2.8580000400543213,2.8575000762939453,2.8580000400543213,490
2019-03-28,2.871000051498413,2.877500057220459,2.866499900817871,2.868499994277954,631
2019-03-29,2.8984999656677246,2.936000108718872,2.8984999656677246,2.936000108718872,386
2019-04-01,2.940000057220459,2.950500011444092,2.9179999828338623,2.9205000400543213,507
2019-04-02,2.9260001182556152,2.9260001182556152,2.900000095367432,2.9040000438690186,299
2019-04-03,2.927999973297119,2.946500062942505,2.9179999828338623,2.946500062942505,390
2019-04-04,2.930500030517578,2.930500030517578,2.908499956130981,2.908499956130981,214
2019-04-05,2.890000104904175,2.8924999237060547,2.8864998817443848,2.8924999237060547,322
2019-04-08,2.9124999046325684,2.931999921798706,2.9124999046325684,2.929500102996826,226
2019-04-09,2.950999975204468,2.9539999961853027,2.930500030517578,2.93149995803833,221
2019-04-10,2.922499895095825,2.922499895095825,2.9184999465942383,2.922499895095825,241
2019-04-11,2.9105000495910645,2.9105000495910645,2.885999917984009,2.885999917984009,255
2019-04-12,2.947999954223633,2.951499938964844,2.938999891281128,2.946000099182129,519
2019-04-15,2.9175000190734863,2.934000015258789,2.9170000553131104,2.934000015258789,201
2019-04-16,2.937000036239624,2.937000036239624,2.930500030517578,2.930500030517578,237
2019-04-17,2.989500045776367,2.989500045776367,2.963000059127808,2.9755001068115234,406
2019-04-18,2.935499906539917,2.936000108718872,2.927500009536743,2.927500009536743,228
2019-04-22,2.9110000133514404,2.9110000133514404,2.906500101089477,2.906500101089477,139
2019-04-23,2.8949999809265137,2.9059998989105225,2.884999990463257,2.8984999656677246,287
2019-04-24,2.9059998989105225,2.921999931335449,2.9059998989105225,2.9175000190734863,271
2019-04-25,2.921499967575073,2.921499967575073,2.875,2.877500057220459,338
2019-04-26,2.970000028610229,2.970000028610229,2.970000028610229,2.970000028610229,48877
2019-04-29,2.888499975204468,2.901000022888184,2.865499973297119,2.8949999809265137,21435
2019-04-30,2.88949990272522,2.9189999103546143,2.877000093460083,2.90149998664856,2500
2019-05-01,2.9035000801086426,2.9059998989105225,2.789999961853028,2.802999973297119,1777
2019-05-02,2.802500009536743,2.807499885559082,2.7780001163482666,2.7839999198913574,871
2019-05-03,2.790499925613404,2.8355000019073486,2.7890000343322754,2.825000047683716,1071
2019-05-06,2.802000045776367,2.8545000553131104,2.754499912261963,2.836999893188477,538
2019-05-07,2.8320000171661377,2.8415000438690186,2.7869999408721924,2.7939999103546143,983
2019-05-08,2.799000024795532,2.815000057220459,2.7720000743865967,2.7855000495910645,734
2019-05-09,2.775500059127808,2.7839999198913574,2.746000051498413,2.783499956130981,580
2019-05-10,2.79099988937378,2.7929999828338623,2.7704999446868896,2.7850000858306885,722
2019-05-13,2.7699999809265137,2.7709999084472656,2.7184998989105225,2.7295000553131104,592
2019-05-14,2.7295000553131104,2.743000030517578,2.727499961853028,2.734499931335449,544
2019-05-15,2.7320001125335693,2.760499954223633,2.7304999828338623,2.753499984741211,523
2019-05-16,2.757999897003174,2.7839999198913574,2.753999948501587,2.758500099182129,332
2019-05-17,2.759999990463257,2.750499963760376,2.740000009536743,2.747999906539917,279
2019-05-20,2.742000102996826,2.742000102996826,2.7214999198913574,2.736000061035156,416
2019-05-21,2.736999988555908,2.739000082015991,2.7160000801086426,2.7235000133514404,396
2019-05-22,2.7100000381469727,2.7100000381469727,2.677500009536743,2.686000108718872,406
2019-05-23,2.664999961853028,2.690999984741211,2.664999961853028,2.686500072479248,351
2019-05-24,2.697000026702881,2.71399998664856,2.697000026702881,2.7065000534057617,245
2019-05-28,2.719500064849853,2.719500064849853,2.700999975204468,2.7035000324249268,606
2019-05-29,2.700500011444092,2.700500011444092,2.6700000762939453,2.672499895095825,443
2019-05-30,2.671999931335449,2.674999952316284,2.6435000896453857,2.6605000495910645,704
2019-05-31,2.640000104904175,2.656500101089477,2.638499975204468,2.6459999084472656,409
2019-06-03,2.634999990463257,2.6605000495910645,2.630000114440918,2.6554999351501465,537
2019-06-04,2.6610000133514404,2.674999952316284,2.6465001106262207,2.673500061035156,310
2019-06-05,2.657000064849853,2.657000064849853,2.625999927520752,2.627000093460083,362
2019-06-06,2.6435000896453857,2.6540000438690186,2.630000114440918,2.6540000438690186,300
2019-06-07,2.6489999294281006,2.657999992370605,2.6064999103546143,2.630500078201294,303
2019-06-10,2.6614999771118164,2.665499925613404,2.6614999771118164,2.6640000343322754,447
2019-06-11,2.690000057220459,2.690000057220459,2.6689999103546143,2.67549991607666,297
2019-06-12,2.657500028610229,2.664499998092652,2.657500028610229,2.6589999198913574,398
2019-06-13,2.6489999294281006,2.6610000133514404,2.6489999294281006,2.6610000133514404,267
2019-06-14,2.640500068664551,2.6410000324249268,2.634500026702881,2.634500026702881,372
2019-06-17,2.6429998874664307,2.6540000438690186,2.638000011444092,2.651000022888184,278
2019-06-18,2.679500102996826,2.712500095367432,2.678999900817871,2.7070000171661377,347
2019-06-19,2.691499948501587,2.691499948501587,2.678999900817871,2.684499979019165,548
2019-06-20,2.700000047683716,2.7320001125335693,2.700000047683716,2.7155001163482666,523
2019-06-21,2.7060000896453857,2.7095000743865967,2.7060000896453857,2.7060000896453857,548
2019-06-24,2.693000078201294,2.7054998874664307,2.690999984741211,2.7054998874664307,508
2019-06-25,2.727499961853028,2.740999937057495,2.727499961853028,2.7355000972747803,358
2019-06-26,2.72849988937378,2.7290000915527344,2.7039999961853027,2.7109999656677246,42742
2019-06-27,2.712500095367432,2.7225000858306885,2.694499969482422,2.712500095367432,17283
2019-06-28,2.7184998989105225,2.720999956130981,2.698499917984009,2.7054998874664307,3316
2019-07-01,2.73799991607666,2.746000051498413,2.6710000038146973,2.679500102996826,2143
2019-07-02,2.676500082015991,2.682499885559082,2.65149998664856,2.657500028610229,991
2019-07-03,2.6610000133514404,2.682499885559082,2.6424999237060547,2.679500102996826,759
2019-07-05,2.680999994277954,2.68149995803833,2.650500059127808,2.658499956130981,431
2019-07-08,2.6549999713897705,2.680500030517578,2.6545000076293945,2.6559998989105225,582
2019-07-09,2.650000095367432,2.6519999504089355,2.6135001182556152,2.624500036239624,888
2019-07-10,2.63100004196167,2.697000026702881,2.629499912261963,2.693000078201294,416
2019-07-11,2.684999942779541,2.691999912261963,2.68149995803833,2.682499885559082,799
2019-07-12,2.7035000324249268,2.7035000324249268,2.674499988555908,2.691499948501587,728
2019-07-15,2.7165000438690186,2.720000028610229,2.702500104904175,2.7074999809265137,351
2019-07-16,2.7070000171661377,2.727499961853028,2.69350004196167,2.69350004196167,714
2019-07-17,2.69350004196167,2.7100000381469727,2.682499885559082,2.7100000381469727,536
2019-07-18,2.700000047683716,2.7100000381469727,2.700000047683716,2.7039999961853027,443
2019-07-19,2.7300000190734863,2.7929999828338623,2.7300000190734863,2.744499921798706,599
2019-07-22,2.734999895095825,2.741499900817871,2.7144999504089355,2.7144999504089355,639
2019-07-23,2.7060000896453857,2.7174999713897705,2.684000015258789,2.694000005722046,429
2019-07-24,2.698499917984009,2.7070000171661377,2.694499969482422,2.7039999961853027,330
2019-07-25,2.697000026702881,2.7244999408721924,2.695499897003174,2.695499897003174,367
2019-07-26,2.684499979019165,2.6875,2.676500082015991,2.676500082015991,507
2019-07-29,2.691999912261963,2.7095000743865967,2.690999984741211,2.7095000743865967,680
2019-07-30,2.7144999504089355,2.719500064849853,2.6679999828338623,2.6705000400543213,1176
2019-07-31,2.680000066757202,2.680000066757202,2.6535000801086426,2.657999992370605,1040
2019-08-01,2.6465001106262207,2.6605000495910645,2.615000009536743,2.6600000858306885,1362
2019-08-02,2.5804998874664307,2.5920000076293945,2.562999963760376,2.565000057220459,395
2019-08-05,2.5415000915527344,2.55049991607666,2.5369999408721924,2.5369999408721924,334
2019-08-06,2.552000045776367,2.555500030517578,2.55049991607666,2.5510001182556152,518
2019-08-07,2.559999942779541,2.5829999446868896,2.5434999465942383,2.565000057220459,371
2019-08-08,2.588000059127808,2.601999998092652,2.588000059127808,2.601999998092652,333
2019-08-09,2.5969998836517334,2.5969998836517334,2.5840001106262207,2.5840001106262207,447
2019-08-12,2.5799999237060547,2.5799999237060547,2.573499917984009,2.5799999237060547,236
2019-08-13,2.578000068664551,2.625,2.578000068664551,2.624500036239624,388
2019-08-14,2.5864999294281006,2.5899999141693115,2.5850000381469727,2.5864999294281006,495
2019-08-15,2.5894999504089355,2.5894999504089355,2.5820000171661377,2.5894999504089355,397
2019-08-16,2.588500022888184,2.5999999046325684,2.588500022888184,2.5899999141693115,368
2019-08-19,2.6070001125335693,2.615999937057495,2.5969998836517334,2.5969998836517334,338
2019-08-20,2.587500095367432,2.587500095367432,2.570499897003174,2.5739998817443848,402
2019-08-21,2.572000026702881,2.5820000171661377,2.572000026702881,2.5815000534057617,453
2019-08-22,2.575000047683716,2.575000047683716,2.553499937057495,2.553499937057495,394
2019-08-23,2.569000005722046,2.569000005722046,2.526000022888184,2.526000022888184,354
2019-08-26,2.539999961853028,2.539999961853028,2.533499956130981,2.539999961853028,426
2019-08-27,2.552999973297119,2.552999973297119,2.5434999465942383,2.5434999465942383,436
2019-08-28,2.556999921798706,2.557499885559082,2.55049991607666,2.5510001182556152,56567
2019-08-29,2.559000015258789,2.5815000534057617,2.54099988937378,2.559499979019165,16954
2019-08-30,2.559999942779541,2.562999963760376,2.5295000076293945,2.532999992370605,2202
2019-09-03,2.5344998836517334,2.5364999771118164,2.4674999713897705,2.512500047683716,2394
2019-09-04,2.5230000019073486,2.5789999961853027,2.5225000381469727,2.5789999961853027,1139
2019-09-05,2.5989999771118164,2.630000114440918,2.5834999084472656,2.624500036239624,890
2019-09-06,2.614000082015991,2.624500036239624,2.601999998092652,2.615499973297119,782
2019-09-09,2.6135001182556152,2.6135001182556152,2.601999998092652,2.6105000972747803,613
2019-09-10,2.6070001125335693,2.614000082015991,2.5915000438690186,2.6105000972747803,560
2019-09-11,2.6064999103546143,2.615000009536743,2.588000059127808,2.5975000858306885,616
2019-09-12,2.6010000705718994,2.650000095367432,2.578000068664551,2.623500108718872,912
2019-09-13,2.626499891281128,2.683500051498413,2.626499891281128,2.680999994277954,414
2019-09-16,2.6524999141693115,2.6559998989105225,2.619999885559082,2.621000051498413,494
2019-09-17,2.615499973297119,2.617000102996826,2.595999956130981,2.609499931335449,545
2019-09-18,2.595000028610229,2.6015000343322754,2.5799999237060547,2.595499992370605,415
2019-09-19,2.5899999141693115,2.5980000495910645,2.5899999141693115,2.5910000801086426,418
2019-09-20,2.5929999351501465,2.611500024795532,2.569499969482422,2.5899999141693115,464
2019-09-23,2.575999975204468,2.594500064849853,2.559999942779541,2.594500064849853,583
2019-09-24,2.6050000190734863,2.6059999465942383,2.5855000019073486,2.5894999504089355,563
2019-09-25,2.586999893188477,2.595499992370605,2.575500011444092,2.595000028610229,515
2019-09-26,2.5980000495910645,2.5980000495910645,2.559999942779541,2.559999942779541,925
2019-09-27,2.562000036239624,2.595999956130981,2.562000036239624,2.5829999446868896,1424
2019-09-30,2.595999956130981,2.595999956130981,2.559999942779541,2.564500093460083,684
2019-10-01,2.549999952316284,2.555000066757202,2.508500099182129,2.552000045776367,897
2019-10-02,2.55649995803833,2.561500072479248,2.5425000190734863,2.561500072479248,422
2019-10-03,2.564500093460083,2.569999933242798,2.5380001068115234,2.5455000400543213,258
2019-10-04,2.532500028610229,2.555500030517578,2.532500028610229,2.555500030517578,356
2019-10-07,2.562000036239624,2.5840001106262207,2.562000036239624,2.572000026702881,575
2019-10-08,2.5739998817443848,2.5739998817443848,2.559999942779541,2.563499927520752,348
2019-10-09,2.5625,2.5625,2.558500051498413,2.562000036239624,258
2019-10-10,2.5460000038146973,2.612499952316284,2.5460000038146973,2.6050000190734863,389
2019-10-11,2.60349988937378,2.622499942779541,2.5999999046325684,2.618499994277954,373
2019-10-14,2.5999999046325684,2.623500108718872,2.5999999046325684,2.623500108718872,322
2019-10-15,2.621000051498413,2.621000051498413,2.6005001068115234,2.6040000915527344,281
2019-10-16,2.576499938964844,2.5794999599456787,2.576499938964844,2.5794999599456787,396
2019-10-17,2.5785000324249268,2.6015000343322754,2.5785000324249268,2.586999893188477,411
2019-10-18,2.5859999656677246,2.626499891281128,2.5850000381469727,2.625,355
2019-10-21,2.632999897003174,2.640500068664551,2.626499891281128,2.634999990463257,390
2019-10-22,2.631500005722046,2.631500005722046,2.620500087738037,2.621999979019165,359
2019-10-23,2.619999885559082,2.6624999046325684,2.61899995803833,2.6624999046325684,474
2019-10-24,2.6670000553131104,2.6670000553131104,2.6554999351501465,2.6589999198913574,450
2019-10-25,2.6605000495910645,2.677500009536743,2.6605000495910645,2.6665000915527344,315
2019-10-28,2.672499895095825,2.674999952316284,2.671499967575073,2.672499895095825,491
2019-10-29,2.6710000038146973,2.682499885559082,2.6710000038146973,2.682499885559082,637
2019-10-30,2.684999942779541,2.686500072479248,2.674999952316284,2.680500030517578,780
2019-10-31,2.656500101089477,2.6614999771118164,2.625,2.632999897003174,500
2019-11-01,2.635999917984009,2.6559998989105225,2.630000114440918,2.651000022888184,875
2019-11-04,2.6614999771118164,2.6670000553131104,2.6614999771118164,2.6670000553131104,639
2019-11-05,2.697499990463257,2.7084999084472656,2.690999984741211,2.694999933242798,586
2019-11-06,2.6700000762939453,2.6700000762939453,2.6610000133514404,2.6610000133514404,354
2019-11-07,2.7239999771118164,2.7239999771118164,2.7184998989105225,2.7239999771118164,566
2019-11-08,2.697999954223633,2.697999954223633,2.677999973297119,2.677999973297119,247
2019-11-11,2.674999952316284,2.674999952316284,2.6600000858306885,2.6600000858306885,476
2019-11-12,2.650000095367432,2.6519999504089355,2.6419999599456787,2.6419999599456787,361
2019-11-13,2.632499933242798,2.6364998817443848,2.630000114440918,2.6364998817443848,535
2019-11-14,2.621999979019165,2.621999979019165,2.617500066757202,2.618499994277954,398
2019-11-15,2.631999969482422,2.634999990463257,2.631999969482422,2.634999990463257,569
2019-11-18,2.63100004196167,2.63100004196167,2.616499900817871,2.617500066757202,554
2019-11-19,2.650000095367432,2.6535000801086426,2.6424999237060547,2.6535000801086426,443
2019-11-20,2.6470000743865967,2.650000095367432,2.6465001106262207,2.6465001106262207,406
2019-11-21,2.624500036239624,2.627500057220459,2.621000051498413,2.621000051498413,424
2019-11-22,2.6135001182556152,2.6489999294281006,2.6135001182556152,2.6475000381469727,341
2019-11-25,2.6475000381469727,2.6475000381469727,2.6475000381469727,2.6475000381469727,261
2019-11-26,2.6459999084472656,2.674499988555908,2.6459999084472656,2.674499988555908,54906
2019-11-27,2.67549991607666,2.690500020980835,2.664499998092652,2.674499988555908,24176
2019-11-29,2.678499937057495,2.680000066757202,2.634500026702881,2.6419999599456787,2253
2019-12-02,2.6424999237060547,2.657999992370605,2.629499912261963,2.632499933242798,907
2019-12-03,2.632499933242798,2.635999917984009,2.6050000190734863,2.6080000400543213,1856
2019-12-04,2.615000009536743,2.650000095367432,2.6105000972747803,2.6440000534057617,655
2019-12-05,2.640500068664551,2.6600000858306885,2.640500068664551,2.6484999656677246,354
2019-12-06,2.6665000915527344,2.736500024795532,2.6530001163482666,2.7109999656677246,718
2019-12-09,2.7165000438690186,2.747999906539917,2.713000059127808,2.746500015258789,988
2019-12-10,2.75,2.756999969482422,2.746000051498413,2.755500078201294,667
2019-12-11,2.75,2.789999961853028,2.749000072479248,2.782500028610229,791
2019-12-12,2.7839999198913574,2.807499885559082,2.760499954223633,2.789499998092652,396
2019-12-13,2.815000057220459,2.819999933242798,2.76200008392334,2.7804999351501465,711
2019-12-16,2.796499967575073,2.820499897003174,2.796499967575073,2.820499897003174,905
2019-12-17,2.814500093460083,2.822499990463257,2.812000036239624,2.819499969482422,524
2019-12-18,2.803999900817871,2.819000005722046,2.796999931335449,2.816999912261963,472
2019-12-19,2.819999933242798,2.8315000534057617,2.815999984741211,2.8315000534057617,446
2019-12-20,2.8315000534057617,2.8315000534057617,2.802999973297119,2.811000108718872,643
2019-12-23,2.805000066757202,2.823499917984009,2.805000066757202,2.816999912261963,793
2019-12-24,2.819999933242798,2.8399999141693115,2.818000078201294,2.838500022888184,426
2019-12-26,2.8545000553131104,2.867000102996826,2.8545000553131104,2.864500045776367,451
2019-12-27,2.8550000190734863,2.8550000190734863,2.819999933242798,2.8364999294281006,638
2019-12-30,2.8310000896453857,2.8334999084472656,2.814500093460083,2.827500104904175,1476
2019-12-31,2.803999900817871,2.803999900817871,2.7939999103546143,2.7939999103546143,420
2020-01-02,2.816499948501587,2.8329999446868896,2.7945001125335693,2.8329999446868896,1182
2020-01-03,2.7934999465942383,2.798500061035156,2.789499998092652,2.798500061035156,321
2020-01-06,2.7780001163482666,2.80049991607666,2.7780001163482666,2.80049991607666,333
2020-01-07,2.8010001182556152,2.806999921798706,2.8010001182556152,2.803999900817871,261
2020-01-08,2.7869999408721924,2.819000005722046,2.7804999351501465,2.819000005722046,394
2020-01-09,2.825500011444092,2.825500011444092,2.8010001182556152,2.810499906539917,208
2020-01-10,2.809999942779541,2.825999975204468,2.801500082015991,2.81850004196167,364
2020-01-13,2.861999988555908,2.861999988555908,2.8554999828338623,2.861500024795532,247
2020-01-14,2.8575000762939453,2.875999927520752,2.8575000762939453,2.875999927520752,292
2020-01-15,2.861000061035156,2.869999885559082,2.8485000133514404,2.869999885559082,288
2020-01-16,2.8545000553131104,2.8554999828338623,2.845999956130981,2.851999998092652,237
2020-01-17,2.8570001125335693,2.8575000762939453,2.8494999408721924,2.8494999408721924,298
2020-01-21,2.809000015258789,2.813499927520752,2.798500061035156,2.798500061035156,401
2020-01-22,2.80049991607666,2.802999973297119,2.7669999599456787,2.7669999599456787,309
2020-01-23,2.757999897003174,2.757999897003174,2.7184998989105225,2.7260000705718994,291
2020-01-24,2.7230000495910645,2.7230000495910645,2.678999900817871,2.685499906539917,359
2020-01-27,2.5964999198913574,2.5964999198913574,2.5964999198913574,2.5964999198913574,462
2020-01-28,2.5840001106262207,2.5915000438690186,2.5794999599456787,2.5794999599456787,381
2020-01-29,2.5859999656677246,2.5859999656677246,2.553499937057495,2.553499937057495,727
2020-01-30,2.563999891281128,2.564500093460083,2.5234999656677246,2.5234999656677246,830
2020-01-31,2.5280001163482666,2.5299999713897705,2.509000062942505,2.5199999809265137,511
2020-02-03,2.5230000019073486,2.5230000019073486,2.508500099182129,2.513000011444092,860
2020-02-04,2.552000045776367,2.565500020980835,2.54099988937378,2.547499895095825,265
2020-02-05,2.563499927520752,2.5894999504089355,2.563499927520752,2.5789999961853027,240
2020-02-06,2.5899999141693115,2.6040000915527344,2.5899999141693115,2.5985000133514404,306
2020-02-07,2.561000108718872,2.562999963760376,2.555000066757202,2.559000015258789,236
2020-02-10,2.5510001182556152,2.566499948501587,2.5510001182556152,2.557499885559082,386
2020-02-11,2.587500095367432,2.588500022888184,2.587500095367432,2.588500022888184,212
2020-02-12,2.6070001125335693,2.6075000762939453,2.6045000553131104,2.6059999465942383,242
2020-02-13,2.619999885559082,2.619999885559082,2.619499921798706,2.619499921798706,234
2020-02-14,2.608999967575073,2.6105000972747803,2.6054999828338623,2.6054999828338623,216
2020-02-18,2.629499912261963,2.630000114440918,2.6075000762939453,2.609999895095825,408
2020-02-19,2.6135001182556152,2.6135001182556152,2.5980000495910645,2.612499952316284,235
2020-02-20,2.594500064849853,2.595000028610229,2.594500064849853,2.595000028610229,386
2020-02-21,2.5994999408721924,2.618000030517578,2.5994999408721924,2.618000030517578,506
2020-02-24,2.6050000190734863,2.6050000190734863,2.5834999084472656,2.5924999713897705,379
2020-02-25,2.594500064849853,2.5964999198913574,2.594500064849853,2.5964999198913574,414
2020-02-26,2.5820000171661377,2.5824999809265137,2.576499938964844,2.576499938964844,65062
2020-02-27,2.565500020980835,2.5810000896453857,2.5220000743865967,2.571500062942505,14714
2020-02-28,2.557499885559082,2.566999912261963,2.513999938964844,2.5460000038146973,2580
2020-03-02,2.5360000133514404,2.618499994277954,2.51449990272522,2.6010000705718994,1295
2020-03-03,2.619999885559082,2.630000114440918,2.561500072479248,2.5794999599456787,1145
2020-03-04,2.5850000381469727,2.601999998092652,2.57699990272522,2.5929999351501465,489
2020-03-05,2.588000059127808,2.5934998989105225,2.572999954223633,2.5824999809265137,491
2020-03-06,2.5789999961853027,2.5789999961853027,2.546499967575073,2.572999954223633,638
2020-03-09,2.5420000553131104,2.5420000553131104,2.4795000553131104,2.5239999294281006,816
2020-03-10,2.498500108718872,2.562999963760376,2.498500108718872,2.5339999198913574,685
2020-03-11,2.549999952316284,2.549999952316284,2.48799991607666,2.51200008392334,654
2020-03-12,2.490999937057495,2.490999937057495,2.438999891281128,2.4809999465942383,985
2020-03-13,2.4549999237060547,2.5344998836517334,2.430000066757202,2.4739999771118164,803
2020-03-16,2.4549999237060547,2.4600000381469727,2.364000082015991,2.3984999656677246,516
2020-03-17,2.4170000553131104,2.4170000553131104,2.309000015258789,2.315500020980835,582
2020-03-18,2.315999984741211,2.322499990463257,2.121999979019165,2.1605000495910645,480
2020-03-19,2.1614999771118164,2.200000047683716,2.059499979019165,2.200000047683716,470
2020-03-20,2.1619999408721924,2.240999937057495,2.119999885559082,2.190500020980835,406
2020-03-23,2.1135001182556152,2.125499963760376,2.1050000190734863,2.119499921798706,375
2020-03-24,2.151000022888184,2.2314999103546143,2.151000022888184,2.197499990463257,448
2020-03-25,2.2084999084472656,2.233999967575073,2.174499988555908,2.233999967575073,719
2020-03-26,2.190000057220459,2.2179999351501465,2.190000057220459,2.2079999446868896,484
2020-03-27,2.190000057220459,2.197000026702881,2.190000057220459,2.197000026702881,906
2020-03-30,2.1624999046325684,2.171999931335449,2.158499956130981,2.1619999408721924,352
2020-03-31,2.177500009536743,2.25,2.1760001182556152,2.240000009536743,514
2020-04-01,2.220000028610229,2.220000028610229,2.178499937057495,2.191999912261963,432
2020-04-02,2.190000057220459,2.233999967575073,2.190000057220459,2.2330000400543213,377
2020-04-03,2.2225000858306885,2.2230000495910645,2.2049999237060547,2.2100000381469727,375
2020-04-06,2.213000059127808,2.239000082015991,2.213000059127808,2.234999895095825,296
2020-04-07,2.289999961853028,2.325000047683716,2.2885000705718994,2.2885000705718994,422
2020-04-08,2.2704999446868896,2.2780001163482666,2.2704999446868896,2.2780001163482666,340
2020-04-09,2.283499956130981,2.283499956130981,2.2699999809265137,2.2774999141693115,429
2020-04-13,2.3364999294281006,2.3570001125335693,2.320499897003174,2.320499897003174,350
2020-04-14,2.3345000743865967,2.351999998092652,2.325999975204468,2.3469998836517334,437
2020-04-15,2.309999942779541,2.314500093460083,2.297499895095825,2.3125,425
2020-04-16,2.325000047683716,2.325000047683716,2.304500102996826,2.304500102996826,240
2020-04-17,2.3475000858306885,2.358999967575073,2.3469998836517334,2.35349988937378,302
2020-04-20,2.3480000495910645,2.3480000495910645,2.325500011444092,2.3345000743865967,414
2020-04-21,2.314500093460083,2.314500093460083,2.2144999504089355,2.2669999599456787,328
2020-04-22,2.2874999046325684,2.317500114440918,2.2874999046325684,2.317500114440918,312
2020-04-23,2.321000099182129,2.3239998817443848,2.312999963760376,2.3239998817443848,341
2020-04-24,2.325000047683716,2.3480000495910645,2.3239998817443848,2.3480000495910645,589
2020-04-27,2.3429999351501465,2.381999969482422,2.326499938964844,2.381999969482422,731
2020-04-28,2.378999948501587,2.378999948501587,2.378999948501587,2.378999948501587,26351
2020-04-29,2.344000101089477,2.3954999446868896,2.3340001106262207,2.374500036239624,3211
2020-04-30,2.3864998817443848,2.407999992370605,2.344500064849853,2.3540000915527344,1086
2020-05-01,2.3469998836517334,2.3469998836517334,2.297499895095825,2.31850004196167,702
2020-05-04,2.30649995803833,2.32699990272522,2.289499998092652,2.3239998817443848,602
2020-05-05,2.336999893188477,2.3415000438690186,2.318000078201294,2.3410000801086426,412
2020-05-06,2.3399999141693115,2.371000051498413,2.3350000381469727,2.352499961853028,689
2020-05-07,2.3405001163482666,2.390500068664551,2.3405001163482666,2.385499954223633,544
2020-05-08,2.4024999141693115,2.422499895095825,2.3989999294281006,2.408499956130981,625
2020-05-11,2.4089999198913574,2.427500009536743,2.372999906539917,2.381999969482422,405
2020-05-12,2.380000114440918,2.384500026702881,2.3350000381469727,2.3605000972747803,464
2020-05-13,2.3494999408721924,2.374000072479248,2.3489999771118164,2.3489999771118164,355
2020-05-14,2.3570001125335693,2.3570001125335693,2.3239998817443848,2.3510000705718994,340
2020-05-15,2.3559999465942383,2.3559999465942383,2.3320000171661377,2.3334999084472656,311
2020-05-18,2.365499973297119,2.4260001182556152,2.365000009536743,2.4049999713897705,449
2020-05-19,2.431999921798706,2.431999921798706,2.4105000495910645,2.4230000972747803,531
2020-05-20,2.4100000858306885,2.470000028610229,2.4100000858306885,2.4674999713897705,435
2020-05-21,2.4679999351501465,2.4679999351501465,2.446500062942505,2.45199990272522,432
2020-05-22,2.3924999237060547,2.4130001068115234,2.390000104904175,2.4089999198913574,383
2020-05-26,2.4024999141693115,2.4565000534057617,2.4024999141693115,2.438499927520752,450
2020-05-27,2.4205000400543213,2.4205000400543213,2.375499963760376,2.4024999141693115,349
2020-05-28,2.384999990463257,2.4210000038146973,2.384999990463257,2.4130001068115234,628
2020-05-29,2.407000064849853,2.447000026702881,2.407000064849853,2.426500082015991,260
2020-06-01,2.43149995803833,2.47849988937378,2.43149995803833,2.4744999408721924,598
2020-06-02,2.4790000915527344,2.499000072479248,2.470999956130981,2.494499921798706,326
2020-06-03,2.496500015258789,2.496500015258789,2.492500066757202,2.496500015258789,179
2020-06-04,2.495500087738037,2.495500087738037,2.492500066757202,2.493000030517578,379
2020-06-05,2.5510001182556152,2.556999921798706,2.5510001182556152,2.556999921798706,416
2020-06-08,2.5450000762939453,2.569999933242798,2.5385000705718994,2.569999933242798,247
2020-06-09,2.5924999713897705,2.6010000705718994,2.5905001163482666,2.6005001068115234,508
2020-06-10,2.657500028610229,2.6610000133514404,2.6530001163482666,2.657000064849853,351
2020-06-11,2.674499988555908,2.67549991607666,2.5864999294281006,2.5864999294281006,352
2020-06-12,2.5980000495910645,2.60349988937378,2.5980000495910645,2.6015000343322754,479
2020-06-15,2.566999912261963,2.56850004196167,2.5510001182556152,2.56850004196167,334
2020-06-16,2.58899998664856,2.5985000133514404,2.558500051498413,2.565999984741211,345
2020-06-17,2.569999933242798,2.5920000076293945,2.569999933242798,2.5920000076293945,307
2020-06-18,2.611999988555908,2.611999988555908,2.5910000801086426,2.5910000801086426,299
2020-06-19,2.6429998874664307,2.6429998874664307,2.6105000972747803,2.615000009536743,217
2020-06-22,2.649499893188477,2.6554999351501465,2.649499893188477,2.6554999351501465,410
2020-06-23,2.650000095367432,2.6600000858306885,2.650000095367432,2.6600000858306885,288
2020-06-24,2.650500059127808,2.650500059127808,2.650500059127808,2.650500059127808,791
2020-06-25,2.638000011444092,2.6624999046325684,2.638000011444092,2.6624999046325684,283
2020-06-26,2.6610000133514404,2.671999931335449,2.6610000133514404,2.671999931335449,32639
2020-06-29,2.650500059127808,2.6875,2.650500059127808,2.679500102996826,8912
2020-06-30,2.690000057220459,2.720999956130981,2.684000015258789,2.713500022888184,1702
2020-07-01,2.7160000801086426,2.737499952316284,2.697499990463257,2.7170000076293945,1482
2020-07-02,2.740999937057495,2.744499921798706,2.7149999141693115,2.7335000038146973,673
2020-07-06,2.7179999351501465,2.7674999237060547,2.7174999713897705,2.7660000324249268,713
2020-07-07,2.7809998989105225,2.7874999046325684,2.73799991607666,2.7874999046325684,514
2020-07-08,2.7844998836517334,2.814500093460083,2.781500101089477,2.814500093460083,773
2020-07-09,2.815500020980835,2.859999895095825,2.814500093460083,2.828000068664551,378
2020-07-10,2.8359999656677246,2.899499893188477,2.8304998874664307,2.88700008392334,403
2020-07-13,2.9040000438690186,2.9814999103546143,2.880500078201294,2.941999912261963,543
2020-07-14,2.8989999294281006,2.9210000038146973,2.8945000171661377,2.91599988937378,1115
2020-07-15,2.927999973297119,2.930000066757202,2.859999895095825,2.870500087738037,1158
2020-07-16,2.8515000343322754,2.888000011444092,2.8515000343322754,2.885999917984009,513
2020-07-17,2.888999938964844,2.8935000896453857,2.869999885559082,2.887500047683716,482
2020-07-20,2.888000011444092,2.9140000343322754,2.881500005722046,2.8984999656677246,596
2020-07-21,2.9189999103546143,2.9539999961853027,2.915499925613404,2.940999984741211,493
2020-07-22,2.951499938964844,2.951499938964844,2.881500005722046,2.908499956130981,534
2020-07-23,2.8910000324249268,2.924499988555908,2.8910000324249268,2.924499988555908,598
2020-07-24,2.8970000743865967,2.906500101089477,2.8585000038146973,2.881999969482422,749
2020-07-27,2.884500026702881,2.900000095367432,2.878999948501587,2.888000011444092,450
2020-07-28,2.915499925613404,2.91599988937378,2.871000051498413,2.9049999713897705,484
2020-07-29,2.906500101089477,2.907000064849853,2.882499933242798,2.9054999351501465,402
2020-07-30,2.9230000972747803,2.9230000972747803,2.874000072479248,2.9045000076293945,874
2020-07-31,2.914999961853028,2.914999961853028,2.845499992370605,2.858999967575073,631
2020-08-03,2.85349988937378,2.9119999408721924,2.8350000381469727,2.907999992370605,526
2020-08-04,2.907500028610229,2.9094998836517334,2.879499912261963,2.88949990272522,423
2020-08-05,2.8945000171661377,2.930000066757202,2.8919999599456787,2.9114999771118164,742
2020-08-06,2.8949999809265137,2.907500028610229,2.8924999237060547,2.9054999351501465,439
2020-08-07,2.874000072479248,2.874000072479248,2.7890000343322754,2.790499925613404,723
2020-08-10,2.822999954223633,2.869499921798706,2.822999954223633,2.8585000038146973,380
2020-08-11,2.861500024795532,2.873500108718872,2.8415000438690186,2.871999979019165,332
2020-08-12,2.8910000324249268,2.8910000324249268,2.878000020980835,2.88700008392334,365
2020-08-13,2.878000020980835,2.878999948501587,2.7960000038146973,2.803999900817871,460
2020-08-14,2.8554999828338623,2.8559999465942383,2.8510000705718994,2.8559999465942383,255
2020-08-17,2.844500064849853,2.9100000858306885,2.844500064849853,2.8980000019073486,346
2020-08-18,2.953000068664551,2.9714999198913574,2.953000068664551,2.970999956130981,318
2020-08-19,3.0160000324249268,3.0190000534057617,2.9855000972747803,3.0190000534057617,518
2020-08-20,2.9579999446868896,2.970000028610229,2.9579999446868896,2.970000028610229,464
2020-08-21,2.9135000705718994,2.924999952316284,2.9135000705718994,2.9135000705718994,304
2020-08-24,2.940000057220459,2.940000057220459,2.9165000915527344,2.922499895095825,377
2020-08-25,2.9195001125335693,2.930999994277954,2.9170000553131104,2.930999994277954,347
2020-08-26,2.944999933242798,2.9655001163482666,2.944999933242798,2.9595000743865967,315
2020-08-27,2.9649999141693115,2.9649999141693115,2.9649999141693115,2.9649999141693115,45428
2020-08-28,2.9760000705718994,3.0169999599456787,2.9739999771118164,2.994999885559082,13122
2020-08-31,3.013499975204468,3.0439999103546143,3.01200008392334,3.04099988937378,1599
2020-09-01,3.032500028610229,3.060499906539917,2.997999906539917,3.009500026702881,1204
2020-09-02,3.005000114440918,3.0179998874664307,2.9835000038146973,3.003000020980835,980
2020-09-03,3.007999897003174,3.0160000324249268,2.941499948501587,2.9579999446868896,1051
2020-09-04,2.9595000743865967,3.062000036239624,2.947000026702881,3.046499967575073,961
2020-09-08,3.052000045776367,3.071000099182129,2.99399995803833,3.012500047683716,939
2020-09-09,2.993499994277954,3.047499895095825,2.990999937057495,3.039999961853028,775
2020-09-10,3.0374999046325684,3.04099988937378,2.950999975204468,2.986999988555908,676
2020-09-11,2.970999956130981,3.0434999465942383,2.970999956130981,3.0339999198913574,412
2020-09-14,3.049000024795532,3.069999933242798,3.0299999713897705,3.066499948501587,381
2020-09-15,3.0815000534057617,3.0824999809265137,3.05049991607666,3.062999963760376,376
2020-09-16,3.0460000038146973,3.065500020980835,3.0460000038146973,3.058000087738037,385
2020-09-17,3.059499979019165,3.075999975204468,3.0199999809265137,3.066499948501587,383
2020-09-18,3.0799999237060547,3.1135001182556152,3.065999984741211,3.1135001182556152,275
2020-09-21,3.0985000133514404,3.0985000133514404,3.0220000743865967,3.0295000076293945,390
2020-09-22,3.060499906539917,3.0799999237060547,3.048500061035156,3.059000015258789,614
2020-09-23,3.049999952316284,3.049999952316284,2.9574999809265137,2.993499994277954,510
2020-09-24,2.970499992370605,2.9719998836517334,2.929500102996826,2.969000101089477,351
2020-09-25,2.9830000400543213,2.990999937057495,2.952500104904175,2.9730000495910645,476
2020-09-28,2.983999967575073,2.989500045776367,2.970499992370605,2.989500045776367,483
2020-09-29,2.996000051498413,2.996000051498413,2.9579999446868896,2.9835000038146973,932
2020-09-30,2.9825000762939453,3.0304999351501465,2.9749999046325684,3.0285000801086426,510
2020-10-01,3.032500028610229,3.032500028610229,2.861999988555908,2.8635001182556152,776
2020-10-02,2.8429999351501465,2.9814999103546143,2.8429999351501465,2.97849988937378,355
2020-10-05,2.969000101089477,2.969000101089477,2.940500020980835,2.9649999141693115,317
2020-10-06,2.9595000743865967,2.9655001163482666,2.9560000896453857,2.9655001163482666,320
2020-10-07,3.009000062942505,3.046999931335449,3.009000062942505,3.0344998836517334,292
2020-10-08,3.0160000324249268,3.0450000762939453,3.0160000324249268,3.0420000553131104,390
2020-10-09,3.0920000076293945,3.0920000076293945,3.069499969482422,3.0794999599456787,287
2020-10-12,3.069999933242798,3.069999933242798,3.058500051498413,3.061000108718872,262
2020-10-13,3.0455000400543213,3.0455000400543213,3.0364999771118164,3.0425000190734863,215
2020-10-14,3.049999952316284,3.049999952316284,3.047499895095825,3.047499895095825,326
2020-10-15,3.052000045776367,3.088000059127808,3.048500061035156,3.0829999446868896,269
2020-10-16,3.065000057220459,3.065000057220459,3.063499927520752,3.065000057220459,282
2020-10-19,3.0975000858306885,3.0975000858306885,3.0810000896453857,3.0810000896453857,244
2020-10-20,3.140000104904175,3.1435000896453857,3.138999938964844,3.1435000896453857,251
2020-10-21,3.195499897003174,3.195499897003174,3.188499927520752,3.194499969482422,264
2020-10-22,3.1665000915527344,3.1665000915527344,3.1484999656677246,3.150000095367432,270
2020-10-23,3.1484999656677246,3.1484999656677246,3.125499963760376,3.125499963760376,330
2020-10-26,3.1085000038146973,3.108999967575073,3.088500022888184,3.088500022888184,377
2020-10-27,3.088000059127808,3.0899999141693115,3.088000059127808,3.0899999141693115,164
2020-10-28,3.0420000553131104,3.062999963760376,3.039499998092652,3.056999921798706,1184
2020-10-29,3.067500114440918,3.0810000896453857,3.0425000190734863,3.052000045776367,946
2020-10-30,3.0429999828338623,3.052500009536743,3.0355000495910645,3.0434999465942383,690
2020-11-02,3.063499927520752,3.0899999141693115,3.061000108718872,3.073499917984009,459
2020-11-03,3.094500064849853,3.117500066757202,3.086999893188477,3.086999893188477,722
2020-11-04,3.08899998664856,3.1080000400543213,3.088500022888184,3.1010000705718994,392
2020-11-05,3.0980000495910645,3.122999906539917,3.0980000495910645,3.1045000553131104,284
2020-11-06,3.1465001106262207,3.156500101089477,3.1424999237060547,3.1489999294281006,313
2020-11-09,3.184000015258789,3.184999942779541,3.1454999446868896,3.15149998664856,378
2020-11-10,3.13700008392334,3.150500059127808,3.13700008392334,3.150500059127808,403
2020-11-11,3.1075000762939453,3.128999948501587,3.1075000762939453,3.128999948501587,359
2020-11-12,3.1519999504089355,3.1519999504089355,3.1429998874664307,3.1429998874664307,663
2020-11-13,3.127500057220459,3.17549991607666,3.127500057220459,3.17549991607666,315
2020-11-16,3.239500045776367,3.240000009536743,3.2155001163482666,3.220000028610229,302
2020-11-17,3.196500062942505,3.212500095367432,3.196500062942505,3.196500062942505,288
2020-11-18,3.197999954223633,3.197999954223633,3.197999954223633,3.197999954223633,572
2020-11-19,3.19950008392334,3.213000059127808,3.19950008392334,3.2035000324249268,482
2020-11-20,3.263999938964844,3.2934999465942383,3.263999938964844,3.2934999465942383,429
2020-11-23,3.2785000801086426,3.2790000438690186,3.259500026702881,3.259500026702881,408
2020-11-24,3.306999921798706,3.306999921798706,3.2934999465942383,3.299999952316284,424
2020-11-25,3.2939999103546143,3.312000036239624,3.2925000190734863,3.312000036239624,47410
2020-11-27,3.316499948501587,3.406500101089477,3.309000015258789,3.399499893188477,18760
2020-11-30,3.4049999713897705,3.484499931335449,3.4049999713897705,3.4205000400543213,2921
2020-12-01,3.44350004196167,3.500999927520752,3.431999921798706,3.4679999351501465,1465
2020-12-02,3.490000009536743,3.49399995803833,3.430000066757202,3.4749999046325684,1735
2020-12-03,3.4800000190734863,3.505500078201294,3.4579999446868896,3.4790000915527344,865
2020-12-04,3.4725000858306885,3.5239999294281006,3.4725000858306885,3.513999938964844,731
2020-12-07,3.49399995803833,3.508500099182129,3.470000028610229,3.508500099182129,904
2020-12-08,3.500499963760376,3.500499963760376,3.4609999656677246,3.49399995803833,663
2020-12-09,3.499000072479248,3.5209999084472656,3.4835000038146973,3.507999897003174,590
2020-12-10,3.4739999771118164,3.5845000743865967,3.447000026702881,3.570499897003174,611
2020-12-11,3.575500011444092,3.608500003814697,3.496000051498413,3.5239999294281006,552
2020-12-14,3.5420000553131104,3.5420000553131104,3.504499912261963,3.5220000743865967,565
2020-12-15,3.500999927520752,3.5425000190734863,3.500999927520752,3.5380001068115234,409
2020-12-16,3.5385000705718994,3.563999891281128,3.5360000133514404,3.553999900817871,542
2020-12-17,3.575999975204468,3.6050000190734863,3.575999975204468,3.5969998836517334,497
2020-12-18,3.6050000190734863,3.634000062942505,3.5999999046325684,3.628499984741211,345
2020-12-21,3.5969998836517334,3.5969998836517334,3.555500030517578,3.572999954223633,796
2020-12-22,3.575999975204468,3.575999975204468,3.509999990463257,3.5179998874664307,638
2020-12-23,3.5190000534057617,3.552000045776367,3.4800000190734863,3.552000045776367,1462
2020-12-24,3.549000024795532,3.559999942779541,3.5374999046325684,3.559999942779541,330
2020-12-28,3.5804998874664307,3.5894999504089355,3.569999933242798,3.569999933242798,446
2020-12-29,3.565999984741211,3.565999984741211,3.551500082015991,3.552999973297119,856
2020-12-30,3.559000015258789,3.5739998817443848,3.539999961853028,3.5429999828338623,1166
2020-12-31,3.5439999103546143,3.5455000400543213,3.507499933242798,3.513999938964844,1109
2021-01-04,3.559000015258789,3.6005001068115234,3.5455000400543213,3.552999973297119,864
2021-01-05,3.5899999141693115,3.6554999351501465,3.5899999141693115,3.640500068664551,512
2021-01-06,3.650500059127808,3.690500020980835,3.640000104904175,3.650000095367432,842
2021-01-07,3.658999919891357,3.7079999446868896,3.642999887466431,3.695499897003174,655
2021-01-08,3.7165000438690186,3.7200000286102295,3.640000104904175,3.673500061035156,782
2021-01-11,3.673500061035156,3.673500061035156,3.558500051498413,3.563999891281128,677
2021-01-12,3.575999975204468,3.634999990463257,3.575999975204468,3.6050000190734863,603
2021-01-13,3.635499954223633,3.63700008392334,3.611500024795532,3.617000102996826,618
2021-01-14,3.611999988555908,3.6679999828338623,3.611999988555908,3.6679999828338623,672
2021-01-15,3.628999948501587,3.631500005722046,3.5964999198913574,3.6029999256134033,817
2021-01-19,3.619999885559082,3.640000104904175,3.615999937057495,3.635999917984009,711
2021-01-20,3.638999938964844,3.6545000076293945,3.638999938964844,3.6475000381469727,601
2021-01-21,3.658999919891357,3.658999919891357,3.6440000534057617,3.6554999351501465,770
2021-01-22,3.575000047683716,3.635499954223633,3.57450008392334,3.635499954223633,607
2021-01-25,3.632999897003174,3.640500068664551,3.611500024795532,3.640500068664551,852
2021-01-26,3.628999948501587,3.631999969482422,3.626499891281128,3.628000020980835,736
2021-01-27,3.571500062942505,3.571500062942505,3.571500062942505,3.571500062942505,320
2021-01-28,3.5510001182556152,3.6034998893737793,3.509000062942505,3.5829999446868896,925
2021-01-29,3.5815000534057617,3.607500076293945,3.555500030517578,3.573499917984009,550
2021-02-01,3.566499948501587,3.5934998989105225,3.554500102996826,3.562000036239624,547
2021-02-02,3.52649998664856,3.539499998092652,3.52649998664856,3.5390000343322754,434
2021-02-03,3.552000045776367,3.5785000324249268,3.552000045776367,3.5785000324249268,312
2021-02-04,3.566999912261963,3.566999912261963,3.559499979019165,3.565999984741211,382
2021-02-05,3.575500011444092,3.652499914169312,3.575500011444092,3.638999938964844,396
2021-02-08,3.6475000381469727,3.678999900817871,3.6459999084472656,3.678999900817871,312
2021-02-09,3.7079999446868896,3.73550009727478,3.693000078201294,3.733500003814697,303
2021-02-10,3.766499996185303,3.7899999618530273,3.766499996185303,3.785500049591065,290
2021-02-11,3.785000085830689,3.7904999256134033,3.7715001106262207,3.787499904632568,316
2021-02-12,3.78600001335144,3.815500020980835,3.7685000896453857,3.802000045776367,512
2021-02-16,3.8424999713897705,3.848000049591065,3.8424999713897705,3.848000049591065,367
2021-02-17,3.830499887466431,3.8359999656677246,3.830499887466431,3.8359999656677246,493
2021-02-18,3.921499967575073,3.926500082015991,3.900000095367432,3.9165000915527344,400
2021-02-19,4.090000152587891,4.090000152587891,4.090000152587891,4.090000152587891,437
2021-02-22,4.123000144958496,4.15399980545044,4.123000144958496,4.152500152587891,616
2021-02-23,4.1875,4.1875,4.1875,4.1875,439
2021-02-24,4.21999979019165,4.301000118255615,4.21999979019165,4.301000118255615,77484
2021-02-25,4.308000087738037,4.36299991607666,4.195499897003174,4.265999794006348,17292
2021-02-26,4.212500095367432,4.250999927520752,4.079999923706055,4.0945000648498535,2457
2021-03-01,4.110499858856201,4.173500061035156,4.099500179290772,4.119500160217285,1385
2021-03-02,4.114999771118164,4.235000133514404,4.059500217437744,4.231500148773193,1078
2021-03-03,4.218500137329102,4.222499847412109,4.119999885559082,4.152999877929688,902
2021-03-04,4.119500160217285,4.156499862670898,3.875999927520752,3.990999937057495,1189
2021-03-05,3.9660000801086426,4.110000133514404,3.927999973297119,4.086999893188477,664
2021-03-08,4.127500057220459,4.161499977111816,4.01800012588501,4.103499889373779,707
2021-03-09,4.09149980545044,4.121500015258789,3.996999979019165,4.019499778747559,1055
2021-03-10,4.027500152587891,4.055500030517578,4.007500171661377,4.041999816894531,523
2021-03-11,4.046500205993652,4.1479997634887695,4.0345001220703125,4.14300012588501,771
2021-03-12,4.140999794006348,4.1545000076293945,4.072000026702881,4.145500183105469,392
2021-03-15,4.170000076293945,4.170000076293945,4.126999855041504,4.146500110626221,511
2021-03-16,4.105000019073486,4.112500190734863,4.059500217437744,4.078999996185303,634
2021-03-17,4.067999839782715,4.156499862670898,4.065999984741211,4.127999782562256,540
2021-03-18,4.15500020980835,4.15500020980835,4.067999839782715,4.117000102996826,760
2021-03-19,4.05649995803833,4.123499870300293,4.052999973297119,4.123499870300293,834
2021-03-22,4.097499847412109,4.150000095367432,4.096499919891357,4.14900016784668,480
2021-03-23,4.133500099182129,4.133500099182129,4.03000020980835,4.0879998207092285,625
2021-03-24,4.047500133514404,4.109000205993652,4.026000022888184,4.071499824523926,610
2021-03-25,4.005499839782715,4.007999897003174,3.950000047683716,3.984999895095825,738
2021-03-26,4.012499809265137,4.087500095367432,4.012499809265137,4.078499794006348,714
2021-03-29,4.065000057220459,4.068999767303467,4.019999980926514,4.043000221252441,441
2021-03-30,4.0355000495910645,4.0355000495910645,3.974999904632568,3.983000040054321,1052
2021-03-31,4.00600004196167,4.011499881744385,3.989000082015991,4.002999782562256,289
2021-04-01,3.984999895095825,4.014999866485596,3.984999895095825,4.003499984741211,815
2021-04-05,4.053999900817871,4.162000179290772,4.053999900817871,4.14900016784668,243
2021-04-06,4.150000095367432,4.151000022888184,4.098499774932861,4.126500129699707,269
2021-04-07,4.117499828338623,4.118500232696533,4.054999828338623,4.064000129699707,467
2021-04-08,4.085000038146973,4.103499889373779,4.085000038146973,4.103499889373779,366
2021-04-09,4.088500022888184,4.088500022888184,4.05049991607666,4.05049991607666,518
2021-04-12,4.027500152587891,4.037000179290772,4.019999980926514,4.03000020980835,491
2021-04-13,4.014500141143799,4.043000221252441,4.014500141143799,4.043000221252441,603
2021-04-14,4.046500205993652,4.139999866485596,4.046000003814697,4.139999866485596,452
2021-04-15,4.175000190734863,4.237500190734863,4.175000190734863,4.230500221252441,403
2021-04-16,4.235000133514404,4.239500045776367,4.175000190734863,4.179999828338623,440
2021-04-19,4.179999828338623,4.269999980926514,4.179999828338623,4.25,283
2021-04-20,4.248499870300293,4.269499778747559,4.223999977111816,4.223999977111816,234
2021-04-21,4.252500057220459,4.286499977111816,4.252500057220459,4.286499977111816,221
2021-04-22,4.2845001220703125,4.2845001220703125,4.267000198364258,4.2804999351501465,239
2021-04-23,4.3429999351501465,4.3429999351501465,4.338500022888184,4.3429999351501465,607
2021-04-26,4.418000221252441,4.447999954223633,4.418000221252441,4.447999954223633,243
2021-04-27,4.518499851226807,4.743000030517578,4.459000110626221,4.743000030517578,493
2021-04-28,4.755000114440918,4.755000114440918,4.510000228881836,4.537000179290772,48303
2021-04-29,4.497499942779541,4.552999973297119,4.4704999923706055,4.493000030517578,9852
2021-04-30,4.492000102996826,4.533999919891357,4.456999778747559,4.479000091552734,1629
2021-05-03,4.497499942779541,4.547500133514404,4.449999809265137,4.543000221252441,927
2021-05-04,4.520500183105469,4.573500156402588,4.505499839782715,4.535999774932861,678
2021-05-05,4.565499782562256,4.58050012588501,4.519999980926514,4.539000034332275,827
2021-05-06,4.535999774932861,4.624000072479248,4.514999866485596,4.61899995803833,925
2021-05-07,4.61899995803833,4.767000198364258,4.61899995803833,4.765999794006348,1019
2021-05-10,4.786499977111816,4.898499965667725,4.708000183105469,4.733500003814697,1083
2021-05-11,4.709000110626221,4.820000171661377,4.709000110626221,4.778500080108643,657
2021-05-12,4.832499980926514,4.835000038146973,4.727000236511231,4.752500057220459,684
2021-05-13,4.740499973297119,4.763999938964844,4.664999961853027,4.70550012588501,870
2021-05-14,4.698500156402588,4.712500095367432,4.622000217437744,4.664000034332275,607
2021-05-17,4.651999950408936,4.730000019073486,4.651999950408936,4.721499919891357,908
2021-05-18,4.775000095367432,4.776000022888184,4.735000133514404,4.735499858856201,932
2021-05-19,4.699999809265137,4.704999923706055,4.548500061035156,4.589499950408936,815
2021-05-20,4.558499813079834,4.61899995803833,4.553500175476074,4.581999778747559,521
2021-05-21,4.527999877929688,4.566500186920166,4.491000175476074,4.495999813079834,519
2021-05-24,4.4720001220703125,4.550000190734863,4.4720001220703125,4.541500091552734,837
2021-05-25,4.591000080108643,4.5929999351501465,4.509500026702881,4.521999835968018,711
2021-05-26,4.547500133514404,4.547500133514404,4.5329999923706055,4.5329999923706055,796
2021-05-27,4.527500152587891,4.677999973297119,4.517000198364258,4.666500091552734,1426
2021-05-28,4.677000045776367,4.682499885559082,4.609000205993652,4.682499885559082,686
2021-06-01,4.689000129699707,4.697000026702881,4.650000095367432,4.662000179290772,884
2021-06-02,4.6545000076293945,4.6570000648498535,4.599999904632568,4.599999904632568,304
2021-06-03,4.503499984741211,4.503499984741211,4.449999809265137,4.471499919891357,342
2021-06-04,4.471499919891357,4.539999961853027,4.471499919891357,4.537499904632568,258
2021-06-07,4.5229997634887695,4.534999847412109,4.489999771118164,4.534999847412109,284
2021-06-08,4.4720001220703125,4.563000202178955,4.4720001220703125,4.563000202178955,237
2021-06-09,4.531499862670898,4.538000106811523,4.531499862670898,4.536499977111816,272
2021-06-10,4.482999801635742,4.489999771118164,4.482999801635742,4.489999771118164,267
2021-06-11,4.573999881744385,4.573999881744385,4.5345001220703125,4.541500091552734,276
2021-06-14,4.517499923706055,4.5320000648498535,4.517499923706055,4.5320000648498535,409
2021-06-15,4.375999927520752,4.375999927520752,4.335000038146973,4.340000152587891,526
2021-06-16,4.3379998207092285,4.392499923706055,4.309000015258789,4.392499923706055,352
2021-06-17,4.295000076293945,4.339000225067139,4.184500217437744,4.184500217437744,248
2021-06-18,4.147500038146973,4.162499904632568,4.145999908447266,4.162499904632568,283
2021-06-21,4.129000186920166,4.193999767303467,4.128499984741211,4.1875,273
2021-06-22,4.188000202178955,4.25600004196167,4.188000202178955,4.234499931335449,341
2021-06-23,4.32450008392334,4.330999851226807,4.32450008392334,4.330999851226807,301
2021-06-24,4.307000160217285,4.311500072479248,4.306000232696533,4.311500072479248,269
2021-06-25,4.320000171661377,4.328999996185303,4.28249979019165,4.298999786376953,525
2021-06-28,4.28849983215332,4.28849983215332,4.277999877929688,4.277999877929688,32689
2021-06-29,4.274499893188477,4.281499862670898,4.202000141143799,4.276500225067139,9114
2021-06-30,4.2795000076293945,4.335999965667725,4.264500141143799,4.296500205993652,1809
2021-07-01,4.300000190734863,4.315000057220459,4.235499858856201,4.242000102996826,1274
2021-07-02,4.245999813079834,4.297999858856201,4.239999771118164,4.2820000648498535,499
2021-07-06,4.2820000648498535,4.398499965667725,4.250999927520752,4.257999897003174,1173
2021-07-07,4.261000156402588,4.360000133514404,4.256999969482422,4.328999996185303,697
2021-07-08,4.320000171661377,4.320000171661377,4.239999771118164,4.271500110626221,576
2021-07-09,4.27899980545044,4.373000144958496,4.27899980545044,4.352499961853027,484
2021-07-12,4.3470001220703125,4.3470001220703125,4.290999889373779,4.322999954223633,509
2021-07-13,4.3379998207092285,4.3379998207092285,4.267499923706055,4.314499855041504,459
2021-07-14,4.299499988555908,4.309000015258789,4.269999980926514,4.276999950408936,748
2021-07-15,4.265500068664551,4.349500179290772,4.265500068664551,4.333000183105469,451
2021-07-16,4.35099983215332,4.35099983215332,4.317999839782715,4.332499980926514,417
2021-07-19,4.306000232696533,4.308000087738037,4.179999828338623,4.2104997634887695,751
2021-07-20,4.210999965667725,4.277999877929688,4.210999965667725,4.273499965667725,638
2021-07-21,4.264500141143799,4.297500133514404,4.264500141143799,4.28249979019165,416
2021-07-22,4.320000171661377,4.3480000495910645,4.320000171661377,4.3480000495910645,405
2021-07-23,4.357999801635742,4.455999851226807,4.357999801635742,4.406499862670898,432
2021-07-26,4.436500072479248,4.602000236511231,4.436500072479248,4.589000225067139,585
2021-07-27,4.539999961853027,4.609000205993652,4.539999961853027,4.546000003814697,501
2021-07-28,4.573500156402588,4.573500156402588,4.479000091552734,4.479000091552734,785
2021-07-29,4.468500137329102,4.5295000076293945,4.468500137329102,4.519999980926514,861
2021-07-30,4.526000022888184,4.5295000076293945,4.465000152587891,4.480500221252441,377
2021-08-02,4.493000030517578,4.500500202178955,4.409999847412109,4.432000160217285,845
2021-08-03,4.423999786376953,4.423999786376953,4.36299991607666,4.382999897003174,609
2021-08-04,4.332499980926514,4.332499980926514,4.329999923706055,4.329999923706055,307
2021-08-05,4.334499835968018,4.3480000495910645,4.334499835968018,4.3454999923706055,354
2021-08-06,4.349500179290772,4.349999904632568,4.3420000076293945,4.3454999923706055,356
2021-08-09,4.292500019073486,4.321000099182129,4.246500015258789,4.287000179290772,374
2021-08-10,4.313000202178955,4.351500034332275,4.313000202178955,4.351500034332275,252
2021-08-11,4.352000236511231,4.366000175476074,4.352000236511231,4.363999843597412,399
2021-08-12,4.374499797821045,4.374499797821045,4.348999977111816,4.355999946594238,670
2021-08-13,4.360499858856201,4.400000095367432,4.347499847412109,4.38700008392334,579
2021-08-16,4.356500148773193,4.361000061035156,4.317999839782715,4.322000026702881,501
2021-08-17,4.328000068664551,4.328999996185303,4.19950008392334,4.199999809265137,590
2021-08-18,4.153500080108643,4.153500080108643,4.113999843597412,4.116000175476074,533
2021-08-19,4.027500152587891,4.05649995803833,3.9800000190734863,4.03849983215332,961
2021-08-20,4.064000129699707,4.134500026702881,4.063000202178955,4.134500026702881,522
2021-08-23,4.242000102996826,4.247499942779541,4.221499919891357,4.234499931335449,510
2021-08-24,4.2230000495910645,4.258500099182129,4.2230000495910645,4.255000114440918,702
2021-08-25,4.269000053405762,4.2795000076293945,4.260000228881836,4.264999866485596,432
2021-08-26,4.244999885559082,4.245999813079834,4.244999885559082,4.245999813079834,549
2021-08-27,4.316500186920166,4.316500186920166,4.316500186920166,4.316500186920166,23166
2021-08-30,4.321499824523926,4.3979997634887695,4.315999984741211,4.361000061035156,5691
2021-08-31,4.364500045776367,4.374499797821045,4.321499824523926,4.360000133514404,2262
2021-09-01,4.35099983215332,4.353499889373779,4.241000175476074,4.263000011444092,1315
2021-09-02,4.267000198364258,4.293499946594238,4.239999771118164,4.289999961853027,1105
2021-09-03,4.2820000648498535,4.3354997634887695,4.26800012588501,4.325500011444092,747
2021-09-07,4.3379998207092285,4.3379998207092285,4.253499984741211,4.277500152587891,746
2021-09-08,4.26800012588501,4.290999889373779,4.208000183105469,4.23199987411499,929
2021-09-09,4.228499889373779,4.302499771118164,4.223999977111816,4.2835001945495605,645
2021-09-10,4.2754998207092285,4.461999893188477,4.2754998207092285,4.447999954223633,904
2021-09-13,4.414500236511231,4.4670000076293945,4.3354997634887695,4.363500118255615,630
2021-09-14,4.356500148773193,4.362500190734863,4.2835001945495605,4.317999839782715,505
2021-09-15,4.309999942779541,4.415500164031982,4.291999816894531,4.403500080108643,624
2021-09-16,4.400000095367432,4.401999950408936,4.260000228881836,4.278500080108643,589
2021-09-17,4.2820000648498535,4.340499877929688,4.232999801635742,4.245500087738037,808
2021-09-20,4.230000019073486,4.230000019073486,4.099999904632568,4.117000102996826,759
2021-09-21,4.135499954223633,4.164500236511231,4.021999835968018,4.127999782562256,576
2021-09-22,4.142000198364258,4.268499851226807,4.142000198364258,4.252500057220459,540
2021-09-23,4.197500228881836,4.264999866485596,4.197500228881836,4.230999946594238,496
2021-09-24,4.21750020980835,4.287499904632568,4.21750020980835,4.287499904632568,590
2021-09-27,4.304500102996826,4.304999828338623,4.261499881744385,4.293499946594238,669
2021-09-28,4.270500183105469,4.27400016784668,4.244999885559082,4.244999885559082,805
2021-09-29,4.231500148773193,4.245999813079834,4.186999797821045,4.199999809265137,793
2021-09-30,4.186500072479248,4.204500198364258,4.067999839782715,4.090000152587891,877
2021-10-01,4.150000095367432,4.209499835968018,4.150000095367432,4.19350004196167,969
2021-10-04,4.239999771118164,4.293499946594238,4.191999912261963,4.246500015258789,446
2021-10-05,4.228000164031982,4.228000164031982,4.175000190734863,4.202000141143799,289
2021-10-06,4.164999961853027,4.174499988555908,4.142000198364258,4.1570000648498535,384
2021-10-07,4.224999904632568,4.256999969482422,4.223999977111816,4.250999927520752,641
2021-10-08,4.291999816894531,4.292500019073486,4.2829999923706055,4.2829999923706055,340
2021-10-11,4.348999977111816,4.386499881744385,4.348999977111816,4.374499797821045,241
2021-10-12,4.363999843597412,4.385499954223633,4.323500156402588,4.328999996185303,494
2021-10-13,4.453999996185303,4.526500225067139,4.443999767303467,4.520500183105469,362
2021-10-14,4.610000133514404,4.631499767303467,4.610000133514404,4.631499767303467,285
2021-10-15,4.610499858856201,4.734000205993652,4.610499858856201,4.734000205993652,356
2021-10-18,4.789500236511231,4.790999889373779,4.702000141143799,4.730500221252441,601
2021-10-19,4.75,4.75,4.686999797821045,4.714000225067139,764
2021-10-20,4.650000095367432,4.768499851226807,4.650000095367432,4.75600004196167,587
2021-10-21,4.58650016784668,4.58650016784668,4.581999778747559,4.58650016784668,618
2021-10-22,4.550000190734863,4.559000015258789,4.508500099182129,4.526000022888184,558
2021-10-25,4.551499843597412,4.551499843597412,4.551499843597412,4.551499843597412,493
2021-10-26,4.5254998207092285,4.5254998207092285,4.486499786376953,4.486499786376953,249
2021-10-27,4.392499923706055,4.392499923706055,4.38700008392334,4.38700008392334,756
2021-10-28,4.386499881744385,4.453999996185303,4.354000091552734,4.4375,892
2021-10-29,4.439499855041504,4.439499855041504,4.343500137329102,4.375500202178955,716
2021-11-01,4.354499816894531,4.40500020980835,4.354499816894531,4.401999950408936,442
2021-11-02,4.35699987411499,4.379000186920166,4.355999946594238,4.374000072479248,315
2021-11-03,4.373499870300293,4.373499870300293,4.326000213623047,4.326000213623047,305
2021-11-04,4.373000144958496,4.373000144958496,4.305500030517578,4.326000213623047,376
2021-11-05,4.332499980926514,4.348999977111816,4.325500011444092,4.348999977111816,327
2021-11-08,4.369999885559082,4.411499977111816,4.369999885559082,4.40500020980835,222
2021-11-09,4.420000076293945,4.420000076293945,4.362500190734863,4.380000114440918,402
2021-11-10,4.380000114440918,4.38100004196167,4.302499771118164,4.328000068664551,370
2021-11-11,4.396999835968018,4.433000087738037,4.396999835968018,4.4045000076293945,330
2021-11-12,4.4095001220703125,4.4604997634887695,4.4095001220703125,4.45550012588501,295
2021-11-15,4.479000091552734,4.479499816894531,4.4070000648498535,4.4070000648498535,384
2021-11-16,4.339000225067139,4.358500003814697,4.3354997634887695,4.358500003814697,274
2021-11-17,4.297500133514404,4.297500133514404,4.20550012588501,4.2729997634887695,437
2021-11-18,4.215499877929688,4.321499824523926,4.215000152587891,4.309999942779541,326
2021-11-19,4.311999797821045,4.4085001945495605,4.311999797821045,4.4085001945495605,410
2021-11-22,4.409999847412109,4.409999847412109,4.395500183105469,4.395500183105469,470
2021-11-23,4.421999931335449,4.42549991607666,4.421999931335449,4.423500061035156,325
2021-11-24,4.393499851226807,4.459499835968018,4.393499851226807,4.458000183105469,368
2021-11-26,4.426000118255615,4.426000118255615,4.281499862670898,4.281499862670898,51189
2021-11-29,4.304999828338623,4.375,4.281499862670898,4.336999893188477,6009
2021-11-30,4.35699987411499,4.360499858856201,4.249000072479248,4.277999877929688,2030
2021-12-01,4.303500175476074,4.34499979019165,4.210000038146973,4.247499942779541,1392
2021-12-02,4.240499973297119,4.308499813079834,4.240499973297119,4.298999786376953,834
2021-12-03,4.272500038146973,4.315000057220459,4.251500129699707,4.266499996185303,891
2021-12-06,4.295000076293945,4.34250020980835,4.256499767303467,4.336999893188477,712
2021-12-07,4.310500144958496,4.383500099182129,4.30649995803833,4.3379998207092285,887
2021-12-08,4.339000225067139,4.394000053405762,4.331999778747559,4.390999794006348,950
2021-12-09,4.373499870300293,4.376500129699707,4.303500175476074,4.329999923706055,651
2021-12-10,4.313000202178955,4.3379998207092285,4.28000020980835,4.2829999923706055,529
2021-12-13,4.322500228881836,4.32450008392334,4.2754998207092285,4.28000020980835,504
2021-12-14,4.269999980926514,4.295000076293945,4.25,4.254000186920166,585
2021-12-15,4.260000228881836,4.269999980926514,4.129000186920166,4.179500102996826,1004
2021-12-16,4.250999927520752,4.315000057220459,4.230999946594238,4.30049991607666,687
2021-12-17,4.303500175476074,4.321499824523926,4.271500110626221,4.290999889373779,548
2021-12-20,4.269499778747559,4.296999931335449,4.233500003814697,4.288000106811523,490
2021-12-21,4.309000015258789,4.343999862670898,4.304500102996826,4.3379998207092285,761
2021-12-22,4.3454999923706055,4.389500141143799,4.34499979019165,4.389500141143799,1030
2021-12-23,4.4004998207092285,4.4004998207092285,4.349999904632568,4.38700008392334,880
2021-12-27,4.375999927520752,4.465000152587891,4.374000072479248,4.465000152587891,421
2021-12-28,4.458000183105469,4.4679999351501465,4.420000076293945,4.420000076293945,543
2021-12-29,4.412000179290772,4.41349983215332,4.401999950408936,4.401999950408936,695
2021-12-30,4.406000137329102,4.421500205993652,4.376999855041504,4.384500026702881,832
2021-12-31,4.389500141143799,4.454999923706055,4.377500057220459,4.454999923706055,373
2022-01-03,4.440000057220459,4.444499969482422,4.349999904632568,4.414500236511231,544
2022-01-04,4.385000228881836,4.466000080108643,4.374000072479248,4.466000080108643,499
2022-01-05,4.448500156402588,4.448500156402588,4.370999813079834,4.4045000076293945,724
2022-01-06,4.36899995803833,4.369999885559082,4.320499897003174,4.3480000495910645,522
2022-01-07,4.376999855041504,4.402999877929688,4.355999946594238,4.402999877929688,618
2022-01-10,4.388999938964844,4.409999847412109,4.324999809265137,4.3445000648498535,787
2022-01-11,4.393499851226807,4.420499801635742,4.372000217437744,4.420499801635742,554
2022-01-12,4.419000148773193,4.580999851226807,4.419000148773193,4.564000129699707,1192
2022-01-13,4.564000129699707,4.564000129699707,4.533999919891357,4.533999919891357,991
2022-01-14,4.4095001220703125,4.436999797821045,4.4095001220703125,4.411499977111816,1236
2022-01-18,4.41949987411499,4.42549991607666,4.375999927520752,4.375999927520752,1000
2022-01-19,4.47599983215332,4.47599983215332,4.462500095367432,4.462500095367432,1172
2022-01-20,4.518499851226807,4.576499938964844,4.518499851226807,4.576499938964844,1441
2022-01-21,4.51800012588501,4.541500091552734,4.495999813079834,4.512499809265137,1052
2022-01-24,4.485000133514404,4.485000133514404,4.386499881744385,4.402999877929688,1533
2022-01-25,4.432000160217285,4.442999839782715,4.432000160217285,4.442999839782715,469
2022-01-26,4.506999969482422,4.507999897003174,4.434500217437744,4.504499912261963,873
2022-01-27,4.417500019073486,4.463500022888184,4.413000106811523,4.413000106811523,1211
2022-01-28,4.422500133514404,4.428999900817871,4.29449987411499,4.302999973297119,1471
2022-01-31,4.308000087738037,4.333499908447266,4.278500080108643,4.317999839782715,882
2022-02-01,4.354499816894531,4.43149995803833,4.354499816894531,4.428999900817871,859
2022-02-02,4.434000015258789,4.491000175476074,4.43149995803833,4.491000175476074,422
2022-02-03,4.46750020980835,4.46999979019165,4.464499950408936,4.46649980545044,500
2022-02-04,4.492000102996826,4.506499767303467,4.476500034332275,4.483500003814697,444
2022-02-07,4.4704999923706055,4.472499847412109,4.435999870300293,4.46150016784668,686
2022-02-08,4.453000068664551,4.468999862670898,4.425000190734863,4.459499835968018,398
2022-02-09,4.464000225067139,4.635000228881836,4.464000225067139,4.600500106811523,425
2022-02-10,4.611999988555908,4.690999984741211,4.611999988555908,4.65749979019165,415
2022-02-11,4.604499816894531,4.604499816894531,4.479499816894531,4.505000114440918,489
2022-02-14,4.4710001945495605,4.507500171661377,4.4710001945495605,4.507500171661377,420
2022-02-15,4.507500171661377,4.531499862670898,4.486499786376953,4.531499862670898,310
2022-02-16,4.540500164031982,4.540500164031982,4.535999774932861,4.540500164031982,577
2022-02-17,4.518499851226807,4.525000095367432,4.518499851226807,4.525000095367432,516
2022-02-18,4.519499778747559,4.519499778747559,4.519499778747559,4.519499778747559,647
2022-02-22,4.519499778747559,4.519499778747559,4.510000228881836,4.510000228881836,818
2022-02-23,4.50600004196167,4.520500183105469,4.481500148773193,4.481500148773193,975
2022-02-24,4.478499889373779,4.478499889373779,4.453999996185303,4.453999996185303,50571
2022-02-25,4.5,4.519999980926514,4.448500156402588,4.4720001220703125,14457
2022-02-28,4.455999851226807,4.515500068664551,4.440000057220459,4.444499969482422,1803
2022-03-01,4.496500015258789,4.5879998207092285,4.480999946594238,4.58650016784668,1777
2022-03-02,4.563000202178955,4.690000057220459,4.552999973297119,4.6554999351501465,1446
2022-03-03,4.699999809265137,4.78249979019165,4.697999954223633,4.771500110626221,1055
2022-03-04,4.76800012588501,4.928999900817871,4.766499996185303,4.928999900817871,1241
2022-03-07,4.909999847412109,5.010000228881836,4.659999847412109,4.7220001220703125,987
2022-03-08,4.730000019073486,4.919000148773193,4.602000236511231,4.700500011444092,1207
2022-03-09,4.7170000076293945,4.718999862670898,4.546000003814697,4.564000129699707,944
2022-03-10,4.579999923706055,4.649499893188477,4.573999881744385,4.643499851226807,1067
2022-03-11,4.608500003814697,4.6875,4.585000038146973,4.616000175476074,970
2022-03-14,4.600500106811523,4.600500106811523,4.49399995803833,4.512499809265137,743
2022-03-15,4.492000102996826,4.525000095367432,4.460000038146973,4.501500129699707,788
2022-03-16,4.492499828338623,4.610000133514404,4.492499828338623,4.5879998207092285,664
2022-03-17,4.652500152587891,4.690499782562256,4.623000144958496,4.690499782562256,939
2022-03-18,4.700500011444092,4.730500221252441,4.685999870300293,4.730500221252441,685
2022-03-21,4.699999809265137,4.706500053405762,4.649499893188477,4.701499938964844,555
2022-03-22,4.68149995803833,4.725500106811523,4.68149995803833,4.689000129699707,488
2022-03-23,4.684999942779541,4.763000011444092,4.683000087738037,4.762499809265137,490
2022-03-24,4.768499851226807,4.800000190734863,4.705999851226807,4.729000091552734,893
2022-03-25,4.691999912261963,4.702499866485596,4.683000087738037,4.685999870300293,667
2022-03-28,4.650000095367432,4.714000225067139,4.632999897003174,4.714000225067139,470
2022-03-29,4.71649980545044,4.71649980545044,4.71649980545044,4.71649980545044,333
2022-03-30,4.781499862670898,4.781499862670898,4.727000236511231,4.739500045776367,1146
2022-03-31,4.730000019073486,4.744500160217285,4.701000213623047,4.743000030517578,708
2022-04-01,4.724500179290772,4.729000091552734,4.681000232696533,4.682499885559082,1077
2022-04-04,4.707499980926514,4.781000137329102,4.707499980926514,4.776500225067139,473
2022-04-05,4.808499813079834,4.808499813079834,4.790999889373779,4.790999889373779,377
2022-04-06,4.762499809265137,4.772500038146973,4.697500228881836,4.733500003814697,379
2022-04-07,4.710999965667725,4.710999965667725,4.684999942779541,4.695000171661377,328
2022-04-08,4.7230000495910645,4.744999885559082,4.706999778747559,4.71999979019165,327
2022-04-11,4.682499885559082,4.706500053405762,4.623000144958496,4.628499984741211,352
2022-04-12,4.665999889373779,4.705999851226807,4.664500236511231,4.703999996185303,343
2022-04-13,4.706999778747559,4.706999778747559,4.706999778747559,4.706999778747559,480
2022-04-14,4.7170000076293945,4.7170000076293945,4.7170000076293945,4.7170000076293945,982
2022-04-18,4.75,4.809000015258789,4.75,4.796000003814697,498
2022-04-19,4.797500133514404,4.797500133514404,4.697000026702881,4.714000225067139,573
2022-04-20,4.623000144958496,4.649499893188477,4.623000144958496,4.649499893188477,859
2022-04-21,4.703499794006348,4.703499794006348,4.703499794006348,4.703499794006348,614
2022-04-22,4.582499980926514,4.591000080108643,4.576499938964844,4.582499980926514,663
2022-04-25,4.480000019073486,4.480000019073486,4.410999774932861,4.448999881744385,494
2022-04-26,4.476500034332275,4.476500034332275,4.434000015258789,4.440000057220459,359
2022-04-27,4.446000099182129,4.454500198364258,4.442500114440918,4.454500198364258,24293
2022-04-28,4.446000099182129,4.4695000648498535,4.366499900817871,4.41349983215332,4363
2022-04-29,4.422999858856201,4.485000133514404,4.36299991607666,4.394999980926514,1147
2022-05-02,4.380499839782715,4.385499954223633,4.190000057220459,4.255499839782715,1034
2022-05-03,4.276999950408936,4.343999862670898,4.257500171661377,4.270999908447266,878
2022-05-04,4.289999961853027,4.363999843597412,4.239999771118164,4.328499794006348,1065
2022-05-05,4.398499965667725,4.420000076293945,4.278500080108643,4.284999847412109,778
2022-05-06,4.293000221252441,4.298999786376953,4.230000019073486,4.261499881744385,1207
2022-05-09,4.230000019073486,4.230000019073486,4.126500129699707,4.192999839782715,1019
2022-05-10,4.173500061035156,4.250999927520752,4.130000114440918,4.1545000076293945,908
2022-05-11,4.15500020980835,4.244999885559082,4.15500020980835,4.212500095367432,723
2022-05-12,4.197500228881836,4.197500228881836,4.056000232696533,4.105000019073486,783
2022-05-13,4.108500003814697,4.180500030517578,4.067999839782715,4.180500030517578,1133
2022-05-16,4.210000038146973,4.214499950408936,4.150000095367432,4.196499824523926,575
2022-05-17,4.240499973297119,4.2795000076293945,4.212500095367432,4.239500045776367,780
2022-05-18,4.241000175476074,4.243000030517578,4.150000095367432,4.182000160217285,689
2022-05-19,4.18149995803833,4.284999847412109,4.18149995803833,4.284999847412109,587
2022-05-20,4.25600004196167,4.320000171661377,4.25600004196167,4.281000137329102,577
2022-05-23,4.304999828338623,4.348499774932861,4.289999961853027,4.347499847412109,577
2022-05-24,4.32450008392334,4.34149980545044,4.260000228881836,4.325500011444092,969
2022-05-25,4.269499778747559,4.293499946594238,4.261499881744385,4.276999950408936,503
2022-05-26,4.257500171661377,4.257500171661377,4.255000114440918,4.255000114440918,842
2022-05-27,4.269000053405762,4.321000099182129,4.255000114440918,4.303999900817871,1475
2022-05-31,4.341000080108643,4.348999977111816,4.289000034332275,4.295000076293945,323
2022-06-01,4.28000020980835,4.3460001945495605,4.28000020980835,4.329999923706055,886
2022-06-02,4.388999938964844,4.553999900817871,4.388999938964844,4.553999900817871,343
2022-06-03,4.550000190734863,4.567500114440918,4.472499847412109,4.477499961853027,377
2022-06-06,4.417500019073486,4.442500114440918,4.417500019073486,4.439499855041504,230
2022-06-07,4.393499851226807,4.439499855041504,4.38100004196167,4.439499855041504,319
2022-06-08,4.434999942779541,4.458499908447266,4.412000179290772,4.458499908447266,271
2022-06-09,4.440000057220459,4.440000057220459,4.385499954223633,4.388999938964844,374
2022-06-10,4.340000152587891,4.340000152587891,4.293000221252441,4.301000118255615,385
2022-06-13,4.239500045776367,4.26200008392334,4.190000057220459,4.21649980545044,718
2022-06-14,4.199999809265137,4.2170000076293945,4.13700008392334,4.161499977111816,454
2022-06-15,4.137499809265137,4.193999767303467,4.13100004196167,4.167500019073486,687
2022-06-16,4.176000118255615,4.176000118255615,4.052000045776367,4.111999988555908,564
2022-06-17,4.099999904632568,4.099999904632568,4.015500068664551,4.017499923706055,657
2022-06-21,3.964999914169312,4.065000057220459,3.964999914169312,4.043000221252441,453
2022-06-22,3.891499996185303,3.953500032424927,3.890500068664551,3.951499938964844,443
2022-06-23,3.8540000915527344,3.859999895095825,3.758500099182129,3.758500099182129,533
2022-06-24,3.733999967575073,3.7730000019073486,3.700000047683716,3.759999990463257,315
2022-06-27,3.7909998893737793,3.802999973297119,3.75,3.7790000438690186,375
2022-06-28,3.811500072479248,3.811500072479248,3.783999919891357,3.783999919891357,26394
2022-06-29,3.755000114440918,3.812999963760376,3.7074999809265137,3.7790000438690186,4697
2022-06-30,3.7780001163482666,3.7809998989105225,3.685499906539917,3.714499950408936,1292
2022-07-01,3.684999942779541,3.703999996185303,3.571000099182129,3.61899995803833,1107
2022-07-05,3.608000040054321,3.618000030517578,3.424499988555908,3.424999952316284,919
2022-07-06,3.4544999599456787,3.463500022888184,3.369999885559082,3.4179999828338623,927
2022-07-07,3.4644999504089355,3.5820000171661377,3.44350004196167,3.5820000171661377,475
2022-07-08,3.5114998817443848,3.5429999828338623,3.4755001068115234,3.532000064849853,639
2022-07-11,3.430000066757202,3.47849988937378,3.3980000019073486,3.4375,610
2022-07-12,3.400000095367432,3.4089999198913574,3.259999990463257,3.296499967575073,525
2022-07-13,3.313499927520752,3.3324999809265137,3.2300000190734863,3.325500011444092,417
2022-07-14,3.2690000534057617,3.2774999141693115,3.187000036239624,3.2105000019073486,591
2022-07-15,3.1540000438690186,3.253999948501587,3.150000095367432,3.234499931335449,420
2022-07-18,3.313999891281128,3.3605000972747803,3.313999891281128,3.3480000495910645,558
2022-07-19,3.290499925613404,3.2939999103546143,3.265500068664551,3.2915000915527344,467
2022-07-20,3.302999973297119,3.358999967575073,3.302999973297119,3.3294999599456787,598
2022-07-21,3.32699990272522,3.32699990272522,3.275000095367432,3.302000045776367,486
2022-07-22,3.3239998817443848,3.369499921798706,3.319000005722046,3.3485000133514404,432
2022-07-25,3.321500062942505,3.400000095367432,3.320499897003174,3.3510000705718994,588
2022-07-26,3.400000095367432,3.451499938964844,3.375,3.382499933242798,367
2022-07-27,3.429500102996826,3.429500102996826,3.429500102996826,3.429500102996826,784
2022-07-28,3.4760000705718994,3.506999969482422,3.4684998989105225,3.4749999046325684,735
2022-07-29,3.494999885559082,3.6010000705718994,3.490999937057495,3.5840001106262207,724
2022-08-01,3.5804998874664307,3.5804998874664307,3.5339999198913574,3.552000045776367,326
2022-08-02,3.5215001106262207,3.524499893188477,3.489500045776367,3.524499893188477,479
2022-08-03,3.506999969482422,3.515000104904175,3.469500064849853,3.469500064849853,225
2022-08-04,3.4600000381469727,3.508500099182129,3.4600000381469727,3.4830000400543213,336
2022-08-05,3.5199999809265137,3.561500072479248,3.509500026702881,3.552999973297119,236
2022-08-08,3.587500095367432,3.587500095367432,3.587500095367432,3.587500095367432,176
2022-08-09,3.6010000705718994,3.6010000705718994,3.5899999141693115,3.5924999713897705,352
2022-08-10,3.607500076293945,3.6554999351501465,3.607500076293945,3.6554999351501465,246
2022-08-11,3.7105000019073486,3.7105000019073486,3.7105000019073486,3.7105000019073486,308
2022-08-12,3.661999940872192,3.6760001182556152,3.661999940872192,3.6760001182556152,367
2022-08-15,3.586999893188477,3.633500099182129,3.5829999446868896,3.628999948501587,366
2022-08-16,3.6045000553131104,3.6454999446868896,3.6045000553131104,3.6364998817443848,270
2022-08-17,3.61299991607666,3.61299991607666,3.5980000495910645,3.5980000495910645,289
2022-08-18,3.6465001106262207,3.6465001106262207,3.6465001106262207,3.6465001106262207,352
2022-08-19,3.672499895095825,3.683500051498413,3.6659998893737793,3.683500051498413,242
2022-08-22,3.70199990272522,3.703000068664551,3.6689999103546143,3.670500040054321,351
2022-08-23,3.713000059127808,3.753499984741211,3.698499917984009,3.704499959945679,574
2022-08-24,3.6549999713897705,3.660500049591065,3.6549999713897705,3.660500049591065,539
2022-08-25,3.701499938964844,3.7200000286102295,3.694999933242798,3.7105000019073486,718
2022-08-26,3.783999919891357,3.785000085830689,3.697000026702881,3.7114999294281006,472
2022-08-29,3.6649999618530273,3.6649999618530273,3.626499891281128,3.626499891281128,22591
2022-08-30,3.6054999828338623,3.634000062942505,3.531500101089477,3.5450000762939453,7929
2022-08-31,3.55649995803833,3.5804998874664307,3.446500062942505,3.5185000896453857,1607
2022-09-01,3.5174999237060547,3.5179998874664307,3.4124999046325684,3.414499998092652,969
2022-09-02,3.4230000972747803,3.4614999294281006,3.388999938964844,3.421499967575073,804
2022-09-06,3.3940000534057617,3.470000028610229,3.382499933242798,3.469000101089477,785
2022-09-07,3.463000059127808,3.463000059127808,3.4179999828338623,3.437999963760376,668
2022-09-08,3.452500104904175,3.557499885559082,3.452500104904175,3.5360000133514404,728
2022-09-09,3.5789999961853027,3.632499933242798,3.559000015258789,3.5810000896453857,655
2022-09-12,3.554500102996826,3.631500005722046,3.552000045776367,3.625499963760376,462
2022-09-13,3.625499963760376,3.697499990463257,3.549999952316284,3.5810000896453857,699
2022-09-14,3.557499885559082,3.572000026702881,3.5269999504089355,3.5455000400543213,525
2022-09-15,3.572000026702881,3.572000026702881,3.505500078201294,3.5234999656677246,596
2022-09-16,3.5,3.568000078201294,3.470000028610229,3.561000108718872,554
2022-09-19,3.5425000190734863,3.557499885559082,3.515000104904175,3.557499885559082,450
2022-09-20,3.54099988937378,3.557499885559082,3.539999961853028,3.5480000972747803,545
2022-09-21,3.532999992370605,3.552999973297119,3.450000047683716,3.51200008392334,985
2022-09-22,3.4790000915527344,3.5374999046325684,3.4790000915527344,3.498500108718872,681
2022-09-23,3.48799991607666,3.489000082015991,3.364500045776367,3.371500015258789,511
2022-09-26,3.345000028610229,3.384000062942505,3.299999952316284,3.313499927520752,589
2022-09-27,3.364500045776367,3.372999906539917,3.312999963760376,3.322999954223633,487
2022-09-28,3.3320000171661377,3.381999969482422,3.3320000171661377,3.381999969482422,527
2022-09-29,3.407500028610229,3.44950008392334,3.352999925613404,3.440000057220459,592
2022-09-30,3.444000005722046,3.4825000762939453,3.428999900817871,3.441999912261963,276
2022-10-03,3.400000095367432,3.4600000381469727,3.3940000534057617,3.4579999446868896,609
2022-10-04,3.46399998664856,3.549999952316284,3.46399998664856,3.5179998874664307,720
2022-10-05,3.5290000438690186,3.5824999809265137,3.503499984741211,3.532500028610229,282
2022-10-06,3.492500066757202,3.501499891281128,3.4749999046325684,3.4749999046325684,217
2022-10-07,3.450000047683716,3.4549999237060547,3.4114999771118164,3.4124999046325684,278
2022-10-10,3.46399998664856,3.493000030517578,3.4535000324249268,3.4535000324249268,246
2022-10-11,3.4665000438690186,3.4830000400543213,3.427000045776367,3.477999925613404,265
2022-10-12,3.414499998092652,3.4590001106262207,3.414499998092652,3.444499969482422,352
2022-10-13,3.430000066757202,3.4719998836517334,3.400000095367432,3.4674999713897705,249
2022-10-14,3.4674999713897705,3.4674999713897705,3.448499917984009,3.450500011444092,354
2022-10-17,3.450000047683716,3.4790000915527344,3.438999891281128,3.4554998874664307,269
2022-10-18,3.434999942779541,3.442500114440918,3.390000104904175,3.406500101089477,331
2022-10-19,3.36899995803833,3.369499921798706,3.3580000400543213,3.3605000972747803,353
2022-10-20,3.421499967575073,3.4670000076293945,3.4175000190734863,3.450999975204468,433
2022-10-21,3.4600000381469727,3.5230000019073486,3.4600000381469727,3.5230000019073486,417
2022-10-24,3.493000030517578,3.493000030517578,3.4795000553131104,3.4795000553131104,537
2022-10-25,3.4600000381469727,3.4600000381469727,3.450500011444092,3.450500011444092,508
2022-10-26,3.558000087738037,3.629499912261963,3.558000087738037,3.629499912261963,367
2022-10-27,3.595000028610229,3.625499963760376,3.595000028610229,3.625499963760376,761
2022-10-28,3.5374999046325684,3.5374999046325684,3.4535000324249268,3.4660000801086426,860
2022-10-31,3.4094998836517334,3.430000066757202,3.4094998836517334,3.4135000705718994,587
2022-11-01,3.494499921798706,3.5230000019073486,3.4795000553131104,3.509500026702881,405
2022-11-02,3.498500108718872,3.505500078201294,3.4749999046325684,3.505500078201294,238
2022-11-03,3.445499897003174,3.4565000534057617,3.445499897003174,3.4565000534057617,309
2022-11-04,3.63700008392334,3.7314999103546143,3.634500026702881,3.714499950408936,322
2022-11-07,3.6659998893737793,3.6659998893737793,3.6050000190734863,3.629499912261963,279
2022-11-08,3.658499956130981,3.7084999084472656,3.658499956130981,3.705499887466431,221
2022-11-09,3.676500082015991,3.741499900817871,3.676500082015991,3.741499900817871,323
2022-11-10,3.808000087738037,3.808000087738037,3.7939999103546143,3.796000003814697,231
2022-11-11,3.9170000553131104,3.950999975204468,3.890500068664551,3.950999975204468,260
2022-11-14,3.848000049591065,3.871999979019165,3.8364999294281006,3.8550000190734863,661
2022-11-15,3.848999977111816,3.850500106811523,3.825000047683716,3.839499950408936,409
2022-11-16,3.788000106811523,3.788000106811523,3.788000106811523,3.788000106811523,461
2022-11-17,3.695499897003174,3.696000099182129,3.67549991607666,3.689500093460083,427
2022-11-18,3.658499956130981,3.658999919891357,3.631999969482422,3.631999969482422,645
2022-11-21,3.5999999046325684,3.6010000705718994,3.566499948501587,3.571500062942505,455
2022-11-22,3.65149998664856,3.65149998664856,3.614500045776367,3.614500045776367,539
2022-11-23,3.608000040054321,3.621000051498413,3.608000040054321,3.617500066757202,296
2022-11-25,3.628999948501587,3.628999948501587,3.626499891281128,3.626499891281128,301
2022-11-28,3.5785000324249268,3.61050009727478,3.5785000324249268,3.61050009727478,31550
2022-11-29,3.595000028610229,3.677000045776367,3.5905001163482666,3.630000114440918,8381
2022-11-30,3.631500005722046,3.7820000648498535,3.627000093460083,3.7295000553131104,2093
2022-12-01,3.7829999923706055,3.813999891281128,3.733999967575073,3.813999891281128,1366
2022-12-02,3.7730000019073486,3.858500003814697,3.75600004196167,3.848000049591065,660
2022-12-05,3.870500087738037,3.871500015258789,3.7699999809265137,3.7894999980926514,686
2022-12-06,3.78600001335144,3.857500076293945,3.78600001335144,3.811500072479248,856
2022-12-07,3.81850004196167,3.857000112533569,3.777499914169312,3.8554999828338623,535
2022-12-08,3.836999893188477,3.9045000076293945,3.836999893188477,3.880500078201294,786
2022-12-09,3.880000114440918,3.911999940872192,3.849999904632568,3.875999927520752,599
2022-12-12,3.8410000801086426,3.8454999923706055,3.7894999980926514,3.798500061035156,542
2022-12-13,3.821000099182129,3.9144999980926514,3.805999994277954,3.839499950408936,522
2022-12-14,3.838000059127808,3.876499891281128,3.82699990272522,3.875,589
2022-12-15,3.857500076293945,3.857500076293945,3.758500099182129,3.763000011444092,1002
2022-12-16,3.7790000438690186,3.796000003814697,3.740000009536743,3.7614998817443848,616
2022-12-19,3.811000108718872,3.811000108718872,3.751499891281128,3.7829999923706055,601
2022-12-20,3.746999979019165,3.805500030517578,3.724999904632568,3.797499895095825,585
2022-12-21,3.806999921798706,3.813999891281128,3.803999900817871,3.805999994277954,578
2022-12-22,3.822000026702881,3.836999893188477,3.750499963760376,3.751499891281128,591
2022-12-23,3.783499956130981,3.811000108718872,3.759999990463257,3.802999973297119,370
2022-12-27,3.864000082015991,3.927999973297119,3.8334999084472656,3.8334999084472656,380
2022-12-28,3.8420000076293945,3.8420000076293945,3.819000005722046,3.8320000171661377,550
2022-12-29,3.8310000896453857,3.8424999713897705,3.809000015258789,3.821000099182129,723
2022-12-30,3.826499938964844,3.8315000534057617,3.802000045776367,3.805500030517578,681
2023-01-03,3.8324999809265137,3.8420000076293945,3.7614998817443848,3.766000032424927,1032
2023-01-04,3.736000061035156,3.752000093460083,3.7274999618530273,3.739500045776367,663
2023-01-05,3.80049991607666,3.818000078201294,3.80049991607666,3.818000078201294,367
2023-01-06,3.813499927520752,3.9135000705718994,3.813499927520752,3.908499956130981,422
2023-01-09,3.94350004196167,4.026999950408936,3.938499927520752,4.018499851226807,837
2023-01-10,4.012499809265137,4.066999912261963,4.008500099182129,4.066999912261963,676
2023-01-11,4.108500003814697,4.173999786376953,4.105999946594238,4.1545000076293945,657
2023-01-12,4.1504998207092285,4.190999984741211,4.145999908447266,4.185999870300293,532
2023-01-13,4.178999900817871,4.207499980926514,4.146999835968018,4.207499980926514,372
2023-01-17,4.140999794006348,4.2195000648498535,4.140999794006348,4.215000152587891,406
2023-01-18,4.2170000076293945,4.314499855041504,4.211999893188477,4.228499889373779,514
2023-01-19,4.194499969482422,4.232500076293945,4.194499969482422,4.226500034332275,350
2023-01-20,4.21999979019165,4.252999782562256,4.21999979019165,4.248499870300293,447
2023-01-23,4.2795000076293945,4.2795000076293945,4.242000102996826,4.254000186920166,495
2023-01-24,4.251500129699707,4.251500129699707,4.229000091552734,4.245500087738037,527
2023-01-25,4.214499950408936,4.239999771118164,4.214499950408936,4.239999771118164,380
2023-01-26,4.255000114440918,4.267000198364258,4.237500190734863,4.267000198364258,616
2023-01-27,4.223999977111816,4.223999977111816,4.223999977111816,4.223999977111816,596
2023-01-30,4.234499931335449,4.236499786376953,4.17549991607666,4.203499794006348,468
2023-01-31,4.170000076293945,4.232500076293945,4.141499996185303,4.228499889373779,518
2023-02-01,4.167500019073486,4.192500114440918,4.109499931335449,4.111000061035156,969
2023-02-02,4.189000129699707,4.189000129699707,4.088500022888184,4.093999862670898,558
2023-02-03,4.0960001945495605,4.11899995803833,4.053999900817871,4.063000202178955,624
2023-02-06,4.06850004196167,4.06850004196167,4.00600004196167,4.043499946594238,299
2023-02-07,4.019999980926514,4.088500022888184,4.017499923706055,4.088500022888184,278
2023-02-08,4.113500118255615,4.113500118255615,4.026500225067139,4.043499946594238,263
2023-02-09,4.105500221252441,4.105500221252441,4.07450008392334,4.105500221252441,256
2023-02-10,4.043499946594238,4.043499946594238,4.027500152587891,4.027500152587891,320
2023-02-13,4.027500152587891,4.086999893188477,4.027500152587891,4.086999893188477,345
2023-02-14,4.083000183105469,4.110000133514404,4.079999923706055,4.110000133514404,390
2023-02-15,4.02400016784668,4.069499969482422,4.014999866485596,4.052000045776367,482
2023-02-16,4.110000133514404,4.165500164031982,4.110000133514404,4.165500164031982,490
2023-02-17,4.113999843597412,4.131999969482422,4.113999843597412,4.113999843597412,513
2023-02-21,4.179999828338623,4.236999988555908,4.179500102996826,4.234499931335449,406
2023-02-22,4.201000213623047,4.203499794006348,4.173999786376953,4.202499866485596,682
2023-02-23,4.151500225067139,4.152500152587891,4.071499824523926,4.072999954223633,306
2023-02-24,4.019499778747559,4.019499778747559,3.954999923706055,3.954999923706055,53656
2023-02-27,3.9570000171661377,4.01800012588501,3.934499979019165,4.008999824523926,8905
2023-02-28,4.012499809265137,4.100500106811523,4.002999782562256,4.097499847412109,1526
2023-03-01,4.110000133514404,4.181000232696533,4.110000133514404,4.168000221252441,901
2023-03-02,4.175000190734863,4.175000190734863,4.059999942779541,4.084000110626221,830
2023-03-03,4.079500198364258,4.123000144958496,4.072999954223633,4.078000068664551,663
2023-03-06,4.054999828338623,4.100500106811523,4.0229997634887695,4.100500106811523,795
2023-03-07,4.086999893188477,4.0879998207092285,3.975500106811523,3.986500024795532,906
2023-03-08,3.9814999103546143,4.078999996185303,3.9809999465942383,4.041500091552734,525
2023-03-09,4.046500205993652,4.05649995803833,4.03000020980835,4.054500102996826,584
2023-03-10,4.01200008392334,4.067500114440918,3.990000009536743,4.045499801635742,591
2023-03-13,4.0229997634887695,4.079999923706055,3.946000099182129,4.069499969482422,842
2023-03-14,4.039500236511231,4.061999797821045,4.000999927520752,4.010499954223633,923
2023-03-15,4.020999908447266,4.020999908447266,3.8564999103546143,3.8564999103546143,875
2023-03-16,3.9040000438690186,3.9059998989105225,3.839999914169312,3.885499954223633,592
2023-03-17,3.942500114440918,3.9590001106262207,3.8965001106262207,3.9135000705718994,498
2023-03-20,3.937000036239624,3.982500076293945,3.924000024795532,3.975500106811523,532
2023-03-21,4.051000118255615,4.051499843597412,4.017000198364258,4.018499851226807,571
2023-03-22,4.021500110626221,4.080999851226807,4.005000114440918,4.06850004196167,641
2023-03-23,4.099999904632568,4.145999908447266,4.0854997634887695,4.145999908447266,465
2023-03-24,4.165500164031982,4.165500164031982,4.075500011444092,4.101500034332275,471
2023-03-27,4.059999942779541,4.125500202178955,4.059999942779541,4.104499816894531,566
2023-03-28,4.108500003814697,4.124499797821045,4.0879998207092285,4.111999988555908,496
2023-03-29,4.132999897003174,4.132999897003174,4.111000061035156,4.114999771118164,636
2023-03-30,4.119999885559082,4.120500087738037,4.078999996185303,4.090499877929688,636
2023-03-31,4.0320000648498535,4.104499816894531,4.0320000648498535,4.104499816894531,520
2023-04-03,4.096499919891357,4.096499919891357,4.056000232696533,4.059500217437744,398
2023-04-04,4.065999984741211,4.065999984741211,3.973999977111816,3.983500003814697,372
2023-04-05,3.9790000915527344,3.997999906539917,3.9579999446868896,3.997999906539917,274
2023-04-06,4.037000179290772,4.037000179290772,3.997499942779541,4.026000022888184,0
2023-04-10,3.9885001182556152,3.997999906539917,3.9779999256134033,3.986500024795532,230
2023-04-11,4.040999889373779,4.040999889373779,4.024499893188477,4.024499893188477,337
2023-04-12,4.010499954223633,4.084499835968018,3.999000072479248,4.084499835968018,288
2023-04-13,4.099999904632568,4.134500026702881,4.099999904632568,4.124000072479248,539
2023-04-14,4.189499855041504,4.189499855041504,4.100500106811523,4.107500076293945,484
2023-04-17,4.10699987411499,4.107999801635742,4.061500072479248,4.065999984741211,374
2023-04-18,4.059999942779541,4.089499950408936,4.059999942779541,4.089499950408936,326
2023-04-19,4.070000171661377,4.072000026702881,4.02899980545044,4.072000026702881,494
2023-04-20,4.058000087738037,4.059500217437744,4.010000228881836,4.021999835968018,471
2023-04-21,4.002999782562256,4.005499839782715,3.9800000190734863,3.9800000190734863,583
2023-04-24,3.96399998664856,3.96399998664856,3.950000047683716,3.953000068664551,522
2023-04-25,3.880000114440918,3.880000114440918,3.8429999351501465,3.845999956130981,671
2023-04-26,3.868000030517578,3.868000030517578,3.8434998989105225,3.849999904632568,38282
2023-04-27,3.8410000801086426,3.878499984741211,3.805000066757202,3.864500045776367,6253
2023-04-28,3.871500015258789,3.899499893188477,3.839999914169312,3.869999885559082,1453
2023-05-01,3.871500015258789,3.983000040054321,3.8554999828338623,3.9170000553131104,897
2023-05-02,3.9184999465942383,3.93149995803833,3.8429999351501465,3.848000049591065,820
2023-05-03,3.829999923706055,3.8450000286102295,3.821500062942505,3.8315000534057617,682
2023-05-04,3.883500099182129,3.883500099182129,3.8239998817443848,3.849999904632568,847
2023-05-05,3.848999977111816,3.885499954223633,3.8434998989105225,3.871500015258789,472
2023-05-08,3.88949990272522,3.940999984741211,3.8864998817443848,3.9179999828338623,327
2023-05-09,3.909499883651733,3.909499883651733,3.874000072479248,3.888999938964844,396
2023-05-10,3.848999977111816,3.873500108718872,3.818000078201294,3.828000068664551,545
2023-05-11,3.799999952316284,3.802000045776367,3.677999973297119,3.697499990463257,802
2023-05-12,3.690000057220459,3.7260000705718994,3.690000057220459,3.7165000438690186,318
2023-05-15,3.751499891281128,3.751499891281128,3.7309999465942383,3.737499952316284,476
2023-05-16,3.736000061035156,3.736999988555908,3.6454999446868896,3.6545000076293945,544
2023-05-17,3.6459999084472656,3.749000072479248,3.6459999084472656,3.743000030517578,530
2023-05-18,3.713500022888184,3.713500022888184,3.680500030517578,3.68149995803833,704
2023-05-19,3.692500114440918,3.755500078201294,3.692500114440918,3.722500085830689,522
2023-05-22,3.7179999351501465,3.7184998989105225,3.660000085830689,3.674000024795532,614
2023-05-23,3.670000076293945,3.670000076293945,3.61299991607666,3.641499996185303,367
2023-05-24,3.5999999046325684,3.6040000915527344,3.539999961853028,3.553499937057495,553
2023-05-25,3.5845000743865967,3.608999967575073,3.56850004196167,3.5804998874664307,546
2023-05-26,3.6050000190734863,3.673500061035156,3.6050000190734863,3.673500061035156,660
2023-05-30,3.6670000553131104,3.680000066757202,3.632499933242798,3.6579999923706055,1442
2023-05-31,3.626499891281128,3.660000085830689,3.618499994277954,3.63100004196167,484
2023-06-01,3.683500051498413,3.7114999294281006,3.678999900817871,3.7065000534057617,403
2023-06-02,3.766999959945679,3.767499923706055,3.7190001010894775,3.722500085830689,326
2023-06-05,3.7204999923706055,3.7730000019073486,3.7204999923706055,3.762500047683716,475
2023-06-06,3.733000040054321,3.7685000896453857,3.733000040054321,3.766999959945679,343
2023-06-07,3.758500099182129,3.7825000286102295,3.75,3.754499912261963,430
2023-06-08,3.7795000076293945,3.796499967575073,3.777499914169312,3.796499967575073,364
2023-06-09,3.7890000343322754,3.7890000343322754,3.7799999713897705,3.7890000343322754,260
2023-06-12,3.75,3.7685000896453857,3.748500108718872,3.750499963760376,348
2023-06-13,3.818000078201294,3.857000112533569,3.815999984741211,3.828500032424927,407
2023-06-14,3.8405001163482666,3.865999937057495,3.839999914169312,3.865999937057495,310
2023-06-15,3.8125,3.8965001106262207,3.8125,3.8965001106262207,369
2023-06-16,3.8949999809265137,3.8949999809265137,3.878499984741211,3.884500026702881,368
2023-06-20,3.859999895095825,3.8945000171661377,3.8415000438690186,3.878499984741211,347
2023-06-21,3.859999895095825,3.91100001335144,3.859999895095825,3.91100001335144,409
2023-06-22,3.950000047683716,3.950000047683716,3.88700008392334,3.888499975204468,407
2023-06-23,3.829999923706055,3.829999923706055,3.795000076293945,3.805999994277954,376
2023-06-26,3.820499897003174,3.823499917984009,3.7799999713897705,3.786499977111816,455
2023-06-27,3.7730000019073486,3.798500061035156,3.7720000743865967,3.7815001010894775,504
2023-06-28,3.740000009536743,3.740000009536743,3.7160000801086426,3.7204999923706055,22765
2023-06-29,3.7109999656677246,3.7309999465942383,3.662499904632568,3.677500009536743,3999
2023-06-30,3.677500009536743,3.751499891281128,3.677500009536743,3.740999937057495,1048
2023-07-03,3.747499942779541,3.7904999256134033,3.747499942779541,3.7790000438690186,1069
2023-07-05,3.7709999084472656,3.7730000019073486,3.720999956130981,3.753499984741211,652
2023-07-06,3.743000030517578,3.746500015258789,3.711999893188477,3.7200000286102295,711
2023-07-07,3.732500076293945,3.7699999809265137,3.7269999980926514,3.766999959945679,664
2023-07-10,3.76449990272522,3.7739999294281006,3.737499952316284,3.7715001106262207,686
2023-07-11,3.7809998989105225,3.799999952316284,3.740000009536743,3.753499984741211,530
2023-07-12,3.785500049591065,3.8420000076293945,3.77649998664856,3.8420000076293945,733
2023-07-13,3.885499954223633,3.938999891281128,3.885499954223633,3.929500102996826,704
2023-07-14,3.931999921798706,3.935499906539917,3.900000095367432,3.921999931335449,486
2023-07-17,3.888000011444092,3.888000011444092,3.813499927520752,3.8320000171661377,390
2023-07-18,3.8334999084472656,3.8334999084472656,3.796999931335449,3.815999984741211,492
2023-07-19,3.797499895095825,3.802999973297119,3.7799999713897705,3.799499988555908,510
2023-07-20,3.825500011444092,3.872999906539917,3.812000036239624,3.817500114440918,729
2023-07-21,3.839999914169312,3.839999914169312,3.7925000190734863,3.802999973297119,594
2023-07-24,3.812000036239624,3.8405001163482666,3.775000095367432,3.8405001163482666,627
2023-07-25,3.872499942779541,3.921999931335449,3.872499942779541,3.901999950408936,941
2023-07-26,3.871500015258789,3.8949999809265137,3.871500015258789,3.890500068664551,795
2023-07-27,3.8635001182556152,3.8635001182556152,3.8635001182556152,3.8635001182556152,544
2023-07-28,3.880500078201294,3.920500040054321,3.880500078201294,3.9170000553131104,1510
2023-07-31,3.921000003814697,4.000999927520752,3.921000003814697,3.994499921798706,1430
2023-08-01,4.002500057220459,4.002500057220459,3.8935000896453857,3.8935000896453857,1186
2023-08-02,3.869999885559082,3.869999885559082,3.82699990272522,3.827500104904175,1122
2023-08-03,3.828000068664551,3.875999927520752,3.825000047683716,3.875999927520752,1055
2023-08-04,3.830499887466431,3.8450000286102295,3.803499937057495,3.8450000286102295,457
2023-08-07,3.806999921798706,3.812999963760376,3.803999900817871,3.812999963760376,480
2023-08-08,3.7799999713897705,3.7799999713897705,3.7084999084472656,3.747999906539917,706
2023-08-09,3.796999931335449,3.796999931335449,3.76200008392334,3.767499923706055,570
2023-08-10,3.7890000343322754,3.811500072479248,3.740000009536743,3.750999927520752,668
2023-08-11,3.7200000286102295,3.7200000286102295,3.690000057220459,3.714499950408936,753
2023-08-14,3.72350001335144,3.7260000705718994,3.704499959945679,3.724499940872192,540
2023-08-15,3.6760001182556152,3.6875,3.6530001163482666,3.661499977111816,620
2023-08-16,3.661999940872192,3.677500009536743,3.65149998664856,3.65149998664856,671
2023-08-17,3.685499906539917,3.686000108718872,3.674499988555908,3.685499906539917,524
2023-08-18,3.694000005722046,3.700000047683716,3.686500072479248,3.6989998817443848,299
2023-08-21,3.7190001010894775,3.7190001010894775,3.701499938964844,3.711999893188477,320
2023-08-22,3.746000051498413,3.759000062942505,3.736999988555908,3.750499963760376,381
2023-08-23,3.795000076293945,3.806999921798706,3.795000076293945,3.803499937057495,317
2023-08-24,3.7815001010894775,3.7815001010894775,3.765000104904175,3.767499923706055,472
2023-08-25,3.795500040054321,3.795500040054321,3.759999990463257,3.759999990463257,251
2023-08-28,3.766499996185303,3.767999887466431,3.753999948501587,3.753999948501587,549
2023-08-29,3.7904999256134033,3.7929999828338623,3.788000106811523,3.7929999828338623,29529
2023-08-30,3.7925000190734863,3.795000076293945,3.763499975204468,3.785000085830689,7893
2023-08-31,3.788000106811523,3.7925000190734863,3.75,3.7725000381469727,2069
2023-09-01,3.7920000553131104,3.861999988555908,3.78600001335144,3.8125,822
2023-09-05,3.806999921798706,3.811000108718872,3.766499996185303,3.811000108718872,944
2023-09-06,3.799000024795532,3.803499937057495,3.743499994277954,3.748500108718872,837
2023-09-07,3.753999948501587,3.753999948501587,3.703999996185303,3.7260000705718994,787
2023-09-08,3.713500022888184,3.713500022888184,3.6760001182556152,3.680500030517578,1120
2023-09-11,3.702500104904175,3.774499893188477,3.702500104904175,3.7699999809265137,846
2023-09-12,3.762500047683716,3.763000011444092,3.736000061035156,3.752000093460083,460
2023-09-13,3.749500036239624,3.763000011444092,3.746000051498413,3.75600004196167,509
2023-09-14,3.799999952316284,3.799999952316284,3.760999917984009,3.7825000286102295,545
2023-09-15,3.805500030517578,3.805500030517578,3.756999969482422,3.763499975204468,556
2023-09-18,3.744999885559082,3.744999885559082,3.733000040054321,3.741499900817871,674
2023-09-19,3.7100000381469727,3.71399998664856,3.700000047683716,3.71399998664856,717
2023-09-20,3.733500003814697,3.746500015258789,3.7079999446868896,3.746500015258789,842
2023-09-21,3.7079999446868896,3.7184998989105225,3.609999895095825,3.6665000915527344,628
2023-09-22,3.686500072479248,3.686500072479248,3.6654999256134033,3.6654999256134033,586
2023-09-25,3.6635000705718994,3.6659998893737793,3.6489999294281006,3.649499893188477,1582
2023-09-26,3.619999885559082,3.6435000896453857,3.619999885559082,3.625,702
2023-09-27,3.619999885559082,3.627000093460083,3.619499921798706,3.627000093460083,1228
2023-09-28,3.625499963760376,3.697499990463257,3.615999937057495,3.694499969482422,935
2023-09-29,3.73799991607666,3.766499996185303,3.7174999713897705,3.7260000705718994,815
2023-10-02,3.692500114440918,3.692500114440918,3.631500005722046,3.631999969482422,621
2023-10-03,3.631500005722046,3.631500005722046,3.6059999465942383,3.615499973297119,525
2023-10-04,3.611500024795532,3.611500024795532,3.570499897003174,3.5840001106262207,395
2023-10-05,3.565999984741211,3.575999975204468,3.546999931335449,3.546999931335449,376
2023-10-06,3.555999994277954,3.631999969482422,3.555999994277954,3.624500036239624,326
2023-10-09,3.642999887466431,3.6540000438690186,3.642499923706055,3.642499923706055,318
2023-10-10,3.595499992370605,3.631999969482422,3.595499992370605,3.631999969482422,331
2023-10-11,3.614000082015991,3.614000082015991,3.614000082015991,3.614000082015991,433
2023-10-12,3.618000030517578,3.618000030517578,3.5855000019073486,3.594000101089477,349
2023-10-13,3.594500064849853,3.595000028610229,3.572499990463257,3.5799999237060547,388
2023-10-16,3.5820000171661377,3.5899999141693115,3.5820000171661377,3.586999893188477,298
2023-10-17,3.5450000762939453,3.575500011444092,3.5450000762939453,3.575500011444092,375
2023-10-18,3.608000040054321,3.608000040054321,3.5785000324249268,3.5820000171661377,340
2023-10-19,3.5739998817443848,3.5915000438690186,3.5739998817443848,3.5915000438690186,418
2023-10-20,3.566999912261963,3.566999912261963,3.5364999771118164,3.5420000553131104,760
2023-10-23,3.5299999713897705,3.572999954223633,3.5299999713897705,3.572999954223633,387
2023-10-24,3.549999952316284,3.61899995803833,3.549999952316284,3.609999895095825,645
2023-10-25,3.5924999713897705,3.5924999713897705,3.569999933242798,3.572000026702881,501
2023-10-26,3.5789999961853027,3.5789999961853027,3.563999891281128,3.56850004196167,556
2023-10-27,3.634999990463257,3.634999990463257,3.63100004196167,3.634000062942505,847
2023-10-30,3.635499954223633,3.6989998817443848,3.635499954223633,3.649499893188477,665
2023-10-31,3.6465001106262207,3.649499893188477,3.630000114440918,3.641499996185303,771
2023-11-01,3.6484999656677246,3.678999900817871,3.635999917984009,3.6449999809265137,546
2023-11-02,3.6579999923706055,3.676500082015991,3.6579999923706055,3.6670000553131104,412
2023-11-03,3.69350004196167,3.69350004196167,3.663000106811523,3.674499988555908,357
2023-11-06,3.7074999809265137,3.7100000381469727,3.705499887466431,3.7095000743865967,368
2023-11-07,3.658499956130981,3.676500082015991,3.640000104904175,3.670000076293945,313
2023-11-08,3.6470000743865967,3.6470000743865967,3.628000020980835,3.628000020980835,435
2023-11-09,3.619999885559082,3.6435000896453857,3.609999895095825,3.634999990463257,363
2023-11-10,3.624000072479248,3.624500036239624,3.5834999084472656,3.5834999084472656,493
2023-11-13,3.6440000534057617,3.662499904632568,3.6440000534057617,3.662499904632568,575
2023-11-14,3.703000068664551,3.703000068664551,3.682499885559082,3.682499885559082,762
2023-11-15,3.678499937057495,3.7204999923706055,3.67549991607666,3.7174999713897705,383
2023-11-16,3.693000078201294,3.704499959945679,3.693000078201294,3.704499959945679,338
2023-11-17,3.686500072479248,3.737499952316284,3.686500072479248,3.737499952316284,493
2023-11-20,3.75,3.8125,3.748500108718872,3.8125,377
2023-11-21,3.810499906539917,3.814500093460083,3.79800009727478,3.814500093460083,466
2023-11-22,3.7799999713897705,3.7799999713897705,3.759999990463257,3.766499996185303,596
2023-11-23,3.7695000171661377,3.7790000438690186,3.7695000171661377,3.7790000438690186,596
2023-11-24,3.7695000171661377,3.796499967575073,3.7695000171661377,3.796499967575073,373
2023-11-27,3.7815001010894775,3.7815001010894775,3.755000114440918,3.762500047683716,435
2023-11-28,3.755000114440918,3.8010001182556152,3.755000114440918,3.8010001182556152,32871
2023-11-29,3.808000087738037,3.822000026702881,3.7730000019073486,3.78600001335144,6653
2023-11-30,3.799999952316284,3.839999914169312,3.784499883651733,3.828999996185303,2571
2023-12-01,3.837500095367432,3.910000085830689,3.829999923706055,3.908999919891357,2050
2023-12-04,3.8959999084472656,3.8965001106262207,3.812000036239624,3.820499897003174,963
2023-12-05,3.812000036239624,3.822999954223633,3.759000062942505,3.7725000381469727,971
2023-12-06,3.7730000019073486,3.809000015258789,3.713000059127808,3.7165000438690186,551
2023-12-07,3.7160000801086426,3.785500049591065,3.7160000801086426,3.784499883651733,721
2023-12-08,3.78600001335144,3.8510000705718994,3.78600001335144,3.819999933242798,421
2023-12-11,3.783999919891357,3.7885000705718994,3.767499923706055,3.7799999713897705,723
2023-12-12,3.7804999351501465,3.796999931335449,3.7715001106262207,3.78600001335144,808
2023-12-13,3.788000106811523,3.8320000171661377,3.755000114440918,3.78600001335144,679
2023-12-14,3.884999990463257,3.8989999294281006,3.869999885559082,3.888499975204468,1003
2023-12-15,3.871500015258789,3.891000032424927,3.864000082015991,3.884999990463257,853
2023-12-18,3.848000049591065,3.848000049591065,3.848000049591065,3.848000049591065,464
2023-12-19,3.900000095367432,3.920000076293945,3.8959999084472656,3.8959999084472656,701
2023-12-20,3.90149998664856,3.927000045776367,3.874000072479248,3.90149998664856,638
2023-12-21,3.9075000286102295,3.9154999256134033,3.9075000286102295,3.908499956130981,781
2023-12-22,3.9144999980926514,3.919500112533569,3.891999959945679,3.8954999446868896,547
2023-12-26,3.923500061035156,3.927000045776367,3.891999959945679,3.8954999446868896,525
2023-12-27,3.92300009727478,3.94350004196167,3.92300009727478,3.94350004196167,1283
2023-12-28,3.9489998817443848,3.9489998817443848,3.9030001163482666,3.913000106811523,940
2023-12-29,3.913000106811523,3.913000106811523,3.869999885559082,3.880500078201294,349
2024-01-02,3.882499933242798,3.901999950408936,3.8559999465942383,3.86899995803833,879
2024-01-03,3.837500095367432,3.861999988555908,3.829499959945679,3.847500085830689,395
2024-01-04,3.8550000190734863,3.8559999465942383,3.811500072479248,3.8310000896453857,389
2024-01-05,3.8324999809265137,3.839499950408936,3.7929999828338623,3.794500112533569,413
2024-01-08,3.796999931335449,3.813499927520752,3.7799999713897705,3.799499988555908,406
2024-01-09,3.787499904632568,3.788000106811523,3.747999906539917,3.748500108718872,409
2024-01-10,3.757999897003174,3.783999919891357,3.757999897003174,3.7809998989105225,650
2024-01-11,3.7929999828338623,3.7934999465942383,3.77649998664856,3.77649998664856,292
2024-01-12,3.786999940872192,3.7925000190734863,3.740000009536743,3.740000009536743,430
2024-01-16,3.763000011444092,3.775000095367432,3.763000011444092,3.766499996185303,295
2024-01-17,3.734999895095825,3.747999906539917,3.7295000553131104,3.732500076293945,319
2024-01-18,3.7274999618530273,3.744999885559082,3.7200000286102295,3.744999885559082,289
2024-01-19,3.762500047683716,3.788000106811523,3.762500047683716,3.786999940872192,264
2024-01-22,3.76200008392334,3.767499923706055,3.76200008392334,3.763999938964844,493
2024-01-23,3.796000003814697,3.796000003814697,3.785500049591065,3.7904999256134033,401
2024-01-24,3.802500009536743,3.884999990463257,3.796999931335449,3.882499933242798,523
2024-01-25,3.862499952316284,3.865499973297119,3.859999895095825,3.865499973297119,413
2024-01-26,3.865999937057495,3.869499921798706,3.850500106811523,3.850500106811523,632
2024-01-29,3.839999914169312,3.872999906539917,3.839999914169312,3.872999906539917,706
2024-01-30,3.868499994277954,3.9144999980926514,3.858999967575073,3.9065001010894775,562
2024-01-31,3.91100001335144,3.936000108718872,3.884999990463257,3.902499914169312,750
2024-02-01,3.8954999446868896,3.8954999446868896,3.8450000286102295,3.8524999618530273,695
2024-02-02,3.849999904632568,3.849999904632568,3.821500062942505,3.821500062942505,529
2024-02-05,3.805000066757202,3.805000066757202,3.766999959945679,3.7720000743865967,372
2024-02-06,3.77649998664856,3.7915000915527344,3.77649998664856,3.7825000286102295,327
2024-02-07,3.784499883651733,3.784499883651733,3.734999895095825,3.737499952316284,351
2024-02-08,3.742500066757202,3.742500066757202,3.691999912261963,3.705499887466431,383
2024-02-09,3.696500062942505,3.696500062942505,3.686000108718872,3.686000108718872,324
2024-02-12,3.720999956130981,3.7284998893737793,3.720999956130981,3.7284998893737793,200
2024-02-13,3.7314999103546143,3.733000040054321,3.7065000534057617,3.71399998664856,197
2024-02-14,3.69950008392334,3.700500011444092,3.69950008392334,3.700500011444092,359
2024-02-15,3.7314999103546143,3.757499933242798,3.7314999103546143,3.756500005722046,273
2024-02-16,3.826499938964844,3.8415000438690186,3.826499938964844,3.838000059127808,334
2024-02-20,3.866499900817871,3.866499900817871,3.866499900817871,3.866499900817871,392
2024-02-21,3.857000112533569,3.875,3.8559999465942383,3.874500036239624,358
2024-02-22,3.8965001106262207,3.8975000381469727,3.867000102996826,3.8975000381469727,255
2024-02-23,3.86050009727478,3.881999969482422,3.86050009727478,3.881999969482422,462
2024-02-26,3.839999914169312,3.839999914169312,3.8239998817443848,3.8239998817443848,515
2024-02-27,3.819999933242798,3.8310000896453857,3.819999933242798,3.8310000896453857,23671
2024-02-28,3.830499887466431,3.8324999809265137,3.801500082015991,3.827500104904175,7289
2024-02-29,3.827500104904175,3.846499919891357,3.825000047683716,3.8345000743865967,2054
2024-03-01,3.838000059127808,3.858000040054321,3.809000015258789,3.8550000190734863,1346
2024-03-04,3.8450000286102295,3.881500005722046,3.8434998989105225,3.8519999980926514,1136
2024-03-05,3.846499919891357,3.86299991607666,3.838000059127808,3.8440001010894775,929
2024-03-06,3.839999914169312,3.891499996185303,3.837500095367432,3.870500087738037,987
2024-03-07,3.874000072479248,3.930999994277954,3.874000072479248,3.919500112533569,1243
2024-03-08,3.9175000190734863,3.931999921798706,3.878000020980835,3.884999990463257,693
2024-03-11,3.88700008392334,3.92300009727478,3.88700008392334,3.922499895095825,691
2024-03-12,3.930000066757202,3.940000057220459,3.8965001106262207,3.924999952316284,775
2024-03-13,3.92300009727478,4.056000232696533,3.920500040054321,4.052499771118164,828
2024-03-14,4.054999828338623,4.054999828338623,4.01800012588501,4.037000179290772,861
2024-03-15,4.040500164031982,4.120500087738037,4.035999774932861,4.112500190734863,822
2024-03-18,4.105000019073486,4.145999908447266,4.093999862670898,4.114500045776367,950
2024-03-19,4.114500045776367,4.114500045776367,4.050000190734863,4.058499813079834,978
2024-03-20,4.065000057220459,4.077499866485596,4.019999980926514,4.03849983215332,776
2024-03-21,4.085999965667725,4.085999965667725,4.031000137329102,4.046500205993652,867
2024-03-22,4.020500183105469,4.020500183105469,3.990000009536743,3.996000051498413,1056
2024-03-25,3.999500036239624,4.02400016784668,3.990000009536743,4.006999969482422,676
2024-03-26,3.9800000190734863,3.998500108718872,3.9800000190734863,3.996000051498413,852
2024-03-27,3.995500087738037,4.005000114440918,3.9690001010894775,3.992500066757202,715
2024-03-28,4.019499778747559,4.019499778747559,3.982000112533569,4.003499984741211,852
2024-04-01,4.073999881744385,4.073999881744385,4.04449987411499,4.046000003814697,623
2024-04-02,4.053999900817871,4.08650016784668,4.053999900817871,4.070000171661377,458
2024-04-03,4.072500228881836,4.20550012588501,4.072500228881836,4.192999839782715,431
2024-04-04,4.2220001220703125,4.246500015258789,4.21750020980835,4.246500015258789,205
2024-04-05,4.239500045776367,4.239500045776367,4.235000133514404,4.239500045776367,1377
2024-04-08,4.18149995803833,4.296999931335449,4.18149995803833,4.276999950408936,223
2024-04-09,4.276999950408936,4.285999774932861,4.274499893188477,4.285999774932861,206
2024-04-10,4.274499893188477,4.2820000648498535,4.264500141143799,4.2820000648498535,316
2024-04-11,4.272500038146973,4.272500038146973,4.230500221252441,4.251999855041504,355
2024-04-12,4.340000152587891,4.340000152587891,4.255499839782715,4.257500171661377,252
2024-04-15,4.382999897003174,4.382999897003174,4.285999774932861,4.379000186920166,289
2024-04-16,4.364999771118164,4.365499973297119,4.28000020980835,4.305500030517578,314
2024-04-17,4.371500015258789,4.371500015258789,4.34250020980835,4.34250020980835,234
2024-04-18,4.414999961853027,4.440499782562256,4.414999961853027,4.440499782562256,295
2024-04-19,4.442500114440918,4.514500141143799,4.442500114440918,4.501999855041504,248
2024-04-22,4.478499889373779,4.500500202178955,4.4720001220703125,4.500500202178955,468
2024-04-23,4.485000133514404,4.490499973297119,4.420000076293945,4.490499973297119,570
2024-04-24,4.4670000076293945,4.496500015258789,4.4670000076293945,4.4670000076293945,417
2024-04-25,4.570499897003174,4.570499897003174,4.570499897003174,4.570499897003174,396
2024-04-26,4.624499797821045,4.624499797821045,4.568999767303467,4.568999767303467,55975
2024-04-29,4.572999954223633,4.677999973297119,4.5625,4.658999919891357,11865
2024-04-30,4.675000190734863,4.690999984741211,4.542500019073486,4.564499855041504,2062
2024-05-01,4.540500164031982,4.598499774932861,4.513500213623047,4.552499771118164,1659
2024-05-02,4.580999851226807,4.580999851226807,4.47599983215332,4.49399995803833,864
2024-05-03,4.514500141143799,4.573500156402588,4.504499912261963,4.573500156402588,879
2024-05-06,4.59250020980835,4.646999835968018,4.584000110626221,4.634500026702881,642
2024-05-07,4.630000114440918,4.63700008392334,4.593500137329102,4.625500202178955,823
2024-05-08,4.583000183105469,4.593999862670898,4.5320000648498535,4.561999797821045,1097
2024-05-09,4.559000015258789,4.616499900817871,4.53849983215332,4.607500076293945,905
2024-05-10,4.645999908447266,4.752999782562256,4.645500183105469,4.69350004196167,989
2024-05-13,4.685999870300293,4.809000015258789,4.685999870300293,4.804500102996826,853
2024-05-14,4.822999954223633,5.081999778747559,4.819499969482422,4.953499794006348,1046
2024-05-15,4.989999771118164,5.177499771118164,4.863999843597412,4.9695000648498535,724
2024-05-16,5.0229997634887695,5.0229997634887695,4.881999969482422,4.892000198364258,1150
2024-05-17,4.864999771118164,5.070499897003174,4.864999771118164,5.057000160217285,790
2024-05-20,5.191999912261963,5.198500156402588,5.02899980545044,5.087500095367432,747
2024-05-21,5.057499885559082,5.161499977111816,5.057499885559082,5.11899995803833,568
2024-05-22,5.074999809265137,5.074999809265137,4.839000225067139,4.867499828338623,976
2024-05-23,4.809999942779541,4.8480000495910645,4.803500175476074,4.816500186920166,713
2024-05-24,4.815999984741211,4.824999809265137,4.772500038146973,4.778500080108643,689
2024-05-28,4.863500118255615,4.89900016784668,4.860000133514404,4.875500202178955,461
2024-05-29,4.802000045776367,4.805500030517578,4.796000003814697,4.805500030517578,1059
2024-05-30,4.7754998207092285,4.7855000495910645,4.642499923706055,4.671999931335449,1170
2024-05-31,4.638500213623047,4.651500225067139,4.583499908447266,4.610000133514404,615
2024-06-03,4.684000015258789,4.684000015258789,4.663000106811523,4.677000045776367,488
2024-06-04,4.685999870300293,4.685999870300293,4.54449987411499,4.547999858856201,593
2024-06-05,4.538000106811523,4.622499942779541,4.538000106811523,4.619500160217285,436
2024-06-06,4.661499977111816,4.690999984741211,4.650000095367432,4.690999984741211,376
2024-06-07,4.559999942779541,4.559999942779541,4.479499816894531,4.494500160217285,398
2024-06-10,4.474999904632568,4.568999767303467,4.474999904632568,4.55649995803833,391
2024-06-11,4.465499877929688,4.5229997634887695,4.465499877929688,4.5229997634887695,388
2024-06-12,4.526500225067139,4.587500095367432,4.523499965667725,4.581500053405762,384
2024-06-13,4.507500171661377,4.507500171661377,4.507500171661377,4.507500171661377,532
2024-06-14,4.516499996185303,4.551000118255615,4.508999824523926,4.551000118255615,577
2024-06-17,4.4710001945495605,4.526000022888184,4.4710001945495605,4.521500110626221,512
2024-06-18,4.449999809265137,4.561999797821045,4.449999809265137,4.561999797821045,454
2024-06-20,4.605000019073486,4.618000030517578,4.5920000076293945,4.618000030517578,445
2024-06-21,4.597499847412109,4.597499847412109,4.479000091552734,4.49399995803833,687
2024-06-24,4.480000019073486,4.526999950408936,4.476500034332275,4.526999950408936,668
2024-06-25,4.511499881744385,4.511499881744385,4.367499828338623,4.38100004196167,690
2024-06-26,4.363500118255615,4.367499828338623,4.36299991607666,4.367499828338623,27282
2024-06-27,4.359000205993652,4.365499973297119,4.304999828338623,4.328499794006348,6440
2024-06-28,4.326499938964844,4.415999889373779,4.318999767303467,4.390500068664551,1413
2024-07-01,4.388500213623047,4.433499813079834,4.362500190734863,4.426499843597412,991
2024-07-02,4.423999786376953,4.473999977111816,4.4004998207092285,4.429500102996826,894
2024-07-03,4.452499866485596,4.564499855041504,4.452499866485596,4.540999889373779,821
2024-07-05,4.544000148773193,4.679999828338623,4.544000148773193,4.6585001945495605,495
2024-07-08,4.609000205993652,4.667500019073486,4.607500076293945,4.622000217437744,561
2024-07-09,4.616499900817871,4.646999835968018,4.559000015258789,4.578000068664551,663
2024-07-10,4.58050012588501,4.645999908447266,4.5625,4.607500076293945,727
2024-07-11,4.600500106811523,4.611000061035156,4.505499839782715,4.508500099182129,979
2024-07-12,4.519499778747559,4.598499774932861,4.489999771118164,4.598499774932861,608
2024-07-15,4.570000171661377,4.573500156402588,4.510000228881836,4.52899980545044,443
2024-07-16,4.511499881744385,4.513500213623047,4.429999828338623,4.443999767303467,782
2024-07-17,4.42549991607666,4.427499771118164,4.39300012588501,4.39900016784668,483
2024-07-18,4.398499965667725,4.398499965667725,4.265999794006348,4.265999794006348,437
2024-07-19,4.251999855041504,4.261000156402588,4.2179999351501465,4.218999862670898,302
2024-07-22,4.218999862670898,4.2210001945495605,4.147500038146973,4.180500030517578,483
2024-07-23,4.145500183105469,4.14900016784668,4.13700008392334,4.145999908447266,503
2024-07-24,4.132999897003174,4.138000011444092,4.098999977111816,4.098999977111816,596
2024-07-25,4.060500144958496,4.132500171661377,4.060500144958496,4.112500190734863,516
2024-07-26,4.112500190734863,4.126999855041504,4.0879998207092285,4.104499816894531,386
2024-07-29,4.065000057220459,4.065000057220459,4.049499988555908,4.061999797821045,863
2024-07-30,4.060999870300293,4.076000213623047,4.026500225067139,4.063000202178955,1667
2024-07-31,4.076499938964844,4.178999900817871,4.069499969482422,4.159999847412109,637
2024-08-01,4.111000061035156,4.111000061035156,4.05049991607666,4.066500186920166,880
2024-08-02,4.107500076293945,4.110000133514404,4.084000110626221,4.084000110626221,421
2024-08-05,4.099999904632568,4.099999904632568,3.9260001182556152,3.983999967575073,585
2024-08-06,3.950000047683716,4.011499881744385,3.950000047683716,4.011499881744385,449
2024-08-07,3.9684998989105225,3.9684998989105225,3.927999973297119,3.9375,397
2024-08-08,3.9175000190734863,3.9614999294281006,3.9175000190734863,3.944999933242798,408
2024-08-09,3.9660000801086426,4.013999938964844,3.9660000801086426,3.9800000190734863,343
2024-08-12,4.019999980926514,4.071000099182129,4.019499778747559,4.054999828338623,399
2024-08-13,4.035999774932861,4.035999774932861,4.035999774932861,4.035999774932861,241
2024-08-14,4.05049991607666,4.052000045776367,4.025000095367432,4.025000095367432,190
2024-08-15,4.028500080108643,4.144000053405762,4.028500080108643,4.138999938964844,335
2024-08-16,4.0945000648498535,4.127500057220459,4.0945000648498535,4.127500057220459,286
2024-08-19,4.165999889373779,4.16949987411499,4.164500236511231,4.166500091552734,237
2024-08-20,4.17549991607666,4.190999984741211,4.138999938964844,4.149499893188477,326
2024-08-21,4.173999786376953,4.184500217437744,4.173999786376953,4.18149995803833,299
2024-08-22,4.197999954223633,4.197999954223633,4.138999938964844,4.140999794006348,301
2024-08-23,4.193999767303467,4.204500198364258,4.193999767303467,4.194499969482422,301
2024-08-26,4.19950008392334,4.214499950408936,4.19950008392334,4.21150016784668,346
2024-08-27,4.243500232696533,4.24399995803833,4.230500221252441,4.230500221252441,256
2024-08-28,4.21999979019165,4.21999979019165,4.144999980926514,4.144999980926514,24167
2024-08-29,4.144999980926514,4.177999973297119,4.104499816894531,4.147500038146973,6135
2024-08-30,4.180500030517578,4.196000099182129,4.142499923706055,4.144999980926514,1365
2024-09-03,4.14900016784668,4.1545000076293945,3.993000030517578,4.0320000648498535,1114
2024-09-04,4.031000137329102,4.043000221252441,3.990000009536743,4.019499778747559,944
2024-09-05,4.026999950408936,4.103499889373779,3.982000112533569,4.077499866485596,543
2024-09-06,4.078999996185303,4.113999843597412,4.004499912261963,4.014500141143799,679
2024-09-09,4.046000003814697,4.0960001945495605,4.046000003814697,4.084499835968018,679
2024-09-10,4.079999923706055,4.079999923706055,4.0329999923706055,4.040500164031982,674
2024-09-11,4.058000087738037,4.103000164031982,4.058000087738037,4.083000183105469,550
2024-09-12,4.111999988555908,4.166500091552734,4.111999988555908,4.132999897003174,749
2024-09-13,4.148499965667725,4.184000015258789,4.148499965667725,4.175000190734863,509
2024-09-16,4.199999809265137,4.247000217437744,4.199999809265137,4.2129998207092285,539
2024-09-17,4.223999977111816,4.232999801635742,4.19350004196167,4.213500022888184,463
2024-09-18,4.188499927520752,4.269999980926514,4.188499927520752,4.23799991607666,311
2024-09-19,4.300000190734863,4.310500144958496,4.269499778747559,4.285999774932861,566
2024-09-20,4.316999912261963,4.317999839782715,4.261000156402588,4.281499862670898,276
2024-09-23,4.249499797821045,4.297500133514404,4.248000144958496,4.289000034332275,755
2024-09-24,4.300000190734863,4.429500102996826,4.300000190734863,4.429500102996826,431
2024-09-25,4.453000068664551,4.453000068664551,4.423999786376953,4.427999973297119,563
2024-09-26,4.478499889373779,4.580999851226807,4.478499889373779,4.580999851226807,1237
2024-09-27,4.566999912261963,4.589499950408936,4.520999908447266,4.540999889373779,1128
2024-09-30,4.610000133514404,4.610000133514404,4.465000152587891,4.495999813079834,416
2024-10-01,4.51200008392334,4.538000106811523,4.511000156402588,4.5355000495910645,748
2024-10-02,4.576499938964844,4.605500221252441,4.56850004196167,4.5960001945495605,469
2024-10-03,4.611000061035156,4.611000061035156,4.475500106811523,4.501999855041504,407
2024-10-04,4.504499912261963,4.551000118255615,4.504499912261963,4.522500038146973,440
2024-10-07,4.513999938964844,4.519000053405762,4.495500087738037,4.519000053405762,413
2024-10-08,4.427999973297119,4.433000087738037,4.406499862670898,4.412000179290772,504
2024-10-09,4.390500068664551,4.390500068664551,4.355000019073486,4.355000019073486,425
2024-10-10,4.376999855041504,4.402500152587891,4.376999855041504,4.385000228881836,259
2024-10-11,4.4054999351501465,4.451499938964844,4.4054999351501465,4.451499938964844,336
2024-10-14,4.349999904632568,4.39900016784668,4.34499979019165,4.363500118255615,398
2024-10-15,4.364500045776367,4.364500045776367,4.293000221252441,4.30049991607666,614
2024-10-16,4.318999767303467,4.3354997634887695,4.314000129699707,4.331500053405762,430
2024-10-17,4.34499979019165,4.34499979019165,4.284999847412109,4.286499977111816,345
2024-10-18,4.352000236511231,4.370999813079834,4.333000183105469,4.3460001945495605,406
2024-10-21,4.351500034332275,4.351500034332275,4.318999767303467,4.322999954223633,425
2024-10-22,4.367000102996826,4.367000102996826,4.3480000495910645,4.3480000495910645,378
2024-10-23,4.320000171661377,4.320000171661377,4.28000020980835,4.304500102996826,474
2024-10-24,4.367000102996826,4.367000102996826,4.293000221252441,4.319499969482422,556
2024-10-25,4.305500030517578,4.339499950408936,4.305500030517578,4.339499950408936,386
2024-10-28,4.333000183105469,4.33650016784668,4.329999923706055,4.331999778747559,611
2024-10-29,4.324999809265137,4.3480000495910645,4.324999809265137,4.332499980926514,1134
2024-10-30,4.339499950408936,4.35699987411499,4.3125,4.327499866485596,936
2024-10-31,4.332499980926514,4.340000152587891,4.302499771118164,4.313499927520752,1249
2024-11-01,4.355000019073486,4.355000019073486,4.329999923706055,4.347499847412109,695
2024-11-04,4.370999813079834,4.415999889373779,4.370999813079834,4.4070000648498535,471
2024-11-05,4.39900016784668,4.458000183105469,4.39900016784668,4.450500011444092,585
2024-11-06,4.27400016784668,4.27400016784668,4.207499980926514,4.222499847412109,732
2024-11-07,4.224500179290772,4.411499977111816,4.224500179290772,4.409999847412109,394
2024-11-08,4.388500213623047,4.388500213623047,4.2754998207092285,4.286499977111816,473
2024-11-11,4.306000232696533,4.306000232696533,4.210999965667725,4.210999965667725,565
2024-11-12,4.165500164031982,4.165500164031982,4.117499828338623,4.119500160217285,542
2024-11-13,4.113999843597412,4.113999843597412,4.061500072479248,4.065999984741211,645
2024-11-14,4.061500072479248,4.072999954223633,4.058000087738037,4.072999954223633,451
2024-11-15,4.124000072479248,4.125500202178955,4.048500061035156,4.051000118255615,349
2024-11-18,4.063000202178955,4.116000175476074,4.063000202178955,4.107999801635742,371
2024-11-19,4.098499774932861,4.160999774932861,4.09499979019165,4.130000114440918,362
2024-11-20,4.144499778747559,4.145999908447266,4.130000114440918,4.143499851226807,437
2024-11-21,4.115499973297119,4.124000072479248,4.099999904632568,4.11299991607666,600
2024-11-22,4.077000141143799,4.083499908447266,4.068999767303467,4.073999881744385,514
2024-11-25,4.103000164031982,4.103000164031982,4.089000225067139,4.09149980545044,335
2024-11-26,4.039500236511231,4.039500236511231,4.036499977111816,4.039000034332275,37274
2024-11-27,4.059000015258789,4.098999977111816,4.052000045776367,4.066999912261963,11425
2024-11-29,4.078000068664551,4.099999904632568,4.052999973297119,4.08050012588501,1274
2024-12-02,4.072500228881836,4.091000080108643,4.0320000648498535,4.075500011444092,1564
2024-12-03,4.09499979019165,4.204999923706055,4.065000057220459,4.145999908447266,1863
2024-12-04,4.138000011444092,4.1554999351501465,4.124499797821045,4.142000198364258,1579
2024-12-05,4.145500183105469,4.146999835968018,4.115499973297119,4.135000228881836,713
2024-12-06,4.138000011444092,4.190000057220459,4.136000156402588,4.138500213623047,514
2024-12-09,4.140999794006348,4.236000061035156,4.129499912261963,4.223499774932861,867
2024-12-10,4.204999923706055,4.227499961853027,4.194499969482422,4.223499774932861,1242
2024-12-11,4.2210001945495605,4.258500099182129,4.184500217437744,4.214000225067139,1029
2024-12-12,4.2804999351501465,4.2804999351501465,4.170000076293945,4.195000171661377,761
2024-12-13,4.178500175476074,4.178999900817871,4.139500141143799,4.14900016784668,608
2024-12-16,4.132500171661377,4.170499801635742,4.132500171661377,4.143499851226807,913
2024-12-17,4.139500141143799,4.139500141143799,4.083499908447266,4.09149980545044,1362
2024-12-18,4.0920000076293945,4.106500148773193,4.038000106811523,4.099999904632568,1164
2024-12-19,4.034999847412109,4.05049991607666,4.019999980926514,4.020500183105469,846
2024-12-20,4.0320000648498535,4.044000148773193,4.027500152587891,4.040999889373779,836
2024-12-23,4.031499862670898,4.031499862670898,4.019999980926514,4.0229997634887695,900
2024-12-24,4.052499771118164,4.052499771118164,4.043000221252441,4.049499988555908,397
2024-12-26,4.072999954223633,4.077499866485596,4.06850004196167,4.072000026702881,362
2024-12-27,4.061500072479248,4.0625,4.058000087738037,4.0625,805
2024-12-30,4.090000152587891,4.090000152587891,4.0335001945495605,4.045499801635742,1066
2024-12-31,4.047500133514404,4.052999973297119,3.9795000553131104,3.986000061035156,708
2025-01-02,3.992500066757202,4.0,3.974499940872192,3.9885001182556152,764
2025-01-03,4.033999919891357,4.041999816894531,4.0335001945495605,4.039500236511231,505
2025-01-06,4.114999771118164,4.162000179290772,4.114999771118164,4.126999855041504,485
2025-01-07,4.161499977111816,4.162000179290772,4.138999938964844,4.1605000495910645,814
2025-01-08,4.190000057220459,4.236999988555908,4.190000057220459,4.227499961853027,441
2025-01-09,4.284999847412109,4.284999847412109,4.269000053405762,4.2795000076293945,281
2025-01-10,4.314000129699707,4.314000129699707,4.274499893188477,4.274499893188477,298
2025-01-13,4.289999961853027,4.295499801635742,4.289999961853027,4.295499801635742,231
2025-01-14,4.324999809265137,4.324999809265137,4.292500019073486,4.310500144958496,452
2025-01-15,4.340000152587891,4.366000175476074,4.340000152587891,4.359499931335449,298
2025-01-16,4.400000095367432,4.412000179290772,4.3979997634887695,4.4105000495910645,200
2025-01-17,4.349500179290772,4.352000236511231,4.329999923706055,4.337500095367432,288
2025-01-21,4.309999942779541,4.310999870300293,4.271500110626221,4.310999870300293,493
2025-01-22,4.269999980926514,4.271500110626221,4.258500099182129,4.271500110626221,445
2025-01-23,4.25,4.299499988555908,4.229499816894531,4.299499988555908,488
2025-01-24,4.339000225067139,4.339000225067139,4.2804999351501465,4.289999961853027,476
2025-01-27,4.235000133514404,4.235000133514404,4.202000141143799,4.203499794006348,710
2025-01-28,4.235000133514404,4.246500015258789,4.21999979019165,4.2204999923706055,435
2025-01-29,4.256499767303467,4.257999897003174,4.256499767303467,4.257500171661377,1145
2025-01-30,4.255000114440918,4.313499927520752,4.255000114440918,4.288000106811523,1598
2025-01-31,4.2754998207092285,4.276000022888184,4.247000217437744,4.26200008392334,872
2025-02-03,4.253499984741211,4.308499813079834,4.253499984741211,4.294000148773193,597
2025-02-04,4.324999809265137,4.35099983215332,4.324999809265137,4.34250020980835,567
2025-02-05,4.386000156402588,4.435999870300293,4.386000156402588,4.434500217437744,602
2025-02-06,4.488500118255615,4.492000102996826,4.435500144958496,4.453499794006348,586
2025-02-07,4.536499977111816,4.589000225067139,4.536499977111816,4.581500053405762,342
2025-02-10,4.682499885559082,4.703000068664551,4.674499988555908,4.700500011444092,495
2025-02-11,4.556000232696533,4.5945000648498535,4.546999931335449,4.5945000648498535,390
2025-02-12,4.697999954223633,4.697999954223633,4.692500114440918,4.697999954223633,281
2025-02-13,4.765999794006348,4.769999980926514,4.763999938964844,4.769000053405762,358
2025-02-14,4.656499862670898,4.656499862670898,4.656499862670898,4.656499862670898,636
2025-02-18,4.590000152587891,4.593999862670898,4.550000190734863,4.585000038146973,683
2025-02-19,4.557000160217285,4.557000160217285,4.557000160217285,4.557000160217285,569
2025-02-20,4.545000076293945,4.607999801635742,4.545000076293945,4.607999801635742,663
2025-02-21,4.534999847412109,4.575500011444092,4.534999847412109,4.559999942779541,767
2025-02-24,4.52899980545044,4.5355000495910645,4.515999794006348,4.517000198364258,561
2025-02-25,4.505499839782715,4.554999828338623,4.486000061035156,4.486000061035156,488
2025-02-26,4.541999816894531,4.541999816894531,4.541999816894531,4.541999816894531,17252
2025-02-27,4.537499904632568,4.620999813079834,4.504000186920166,4.579999923706055,6735
2025-02-28,4.556000232696533,4.55649995803833,4.479499816894531,4.514500141143799,2731
2025-03-03,4.54449987411499,4.616000175476074,4.507999897003174,4.576499938964844,1408
2025-03-04,4.565999984741211,4.566999912261963,4.5,4.527500152587891,1394
2025-03-05,4.534999847412109,4.789999961853027,4.534999847412109,4.766499996185303,819
2025-03-06,4.781499862670898,4.802499771118164,4.722499847412109,4.77899980545044,1108
2025-03-07,4.751999855041504,4.75600004196167,4.6570000648498535,4.683000087738037,903
2025-03-10,4.6570000648498535,4.68149995803833,4.607500076293945,4.639500141143799,821
2025-03-11,4.619500160217285,4.774499893188477,4.599999904632568,4.739999771118164,756
2025-03-12,4.765500068664551,4.868500232696533,4.765500068664551,4.821000099182129,649
2025-03-13,4.814499855041504,4.902500152587891,4.7754998207092285,4.898499965667725,776
2025-03-14,4.895500183105469,4.924499988555908,4.847499847412109,4.869500160217285,394
2025-03-17,4.855000019073486,4.954999923706055,4.855000019073486,4.933499813079834,528
2025-03-18,4.948999881744385,4.99399995803833,4.943999767303467,4.993000030517578,424
2025-03-19,5.002999782562256,5.096499919891357,5.002999782562256,5.076000213623047,459
2025-03-20,5.098499774932861,5.105999946594238,5.048500061035156,5.085000038146973,578
2025-03-21,5.081999778747559,5.087500095367432,5.017000198364258,5.087500095367432,598
2025-03-24,5.102499961853027,5.15749979019165,5.048999786376953,5.064000129699707,799
2025-03-25,5.071499824523926,5.188499927520752,5.071499824523926,5.183000087738037,419
2025-03-26,5.236499786376953,5.276999950408936,5.203499794006348,5.216000080108643,547
2025-03-27,5.21150016784668,5.21150016784668,5.072500228881836,5.097499847412109,1770
2025-03-28,5.104000091552734,5.129499912261963,5.063000202178955,5.112500190734863,1395
2025-03-31,5.093500137329102,5.119999885559082,5.007500171661377,5.019999980926514,720
2025-04-01,5.059999942779541,5.063000202178955,5.000999927520752,5.019000053405762,838
2025-04-02,5.010499954223633,5.066500186920166,4.996500015258789,5.023499965667725,523
2025-04-03,4.875,4.924499988555908,4.794000148773193,4.810999870300293,274
2025-04-04,4.78000020980835,4.78000020980835,4.355999946594238,4.384500026702881,467
2025-04-07,4.311999797821045,4.367499828338623,4.145500183105469,4.169000148773193,434
2025-04-08,4.152500152587891,4.152999877929688,4.098499774932861,4.127500057220459,430
2025-04-09,4.140999794006348,4.435999870300293,4.140999794006348,4.17549991607666,288
2025-04-10,4.381999969482422,4.383999824523926,4.321000099182129,4.321000099182129,313
2025-04-11,4.439000129699707,4.545000076293945,4.403500080108643,4.507500171661377,358
2025-04-14,4.56850004196167,4.632500171661377,4.565499782562256,4.610499858856201,413
2025-04-15,4.601500034332275,4.613500118255615,4.586999893188477,4.611000061035156,463
2025-04-16,4.593999862670898,4.676000118255615,4.533999919891357,4.673999786376953,289
2025-04-17,4.664999961853027,4.731500148773193,4.602000236511231,4.731500148773193,550
2025-04-21,4.693999767303467,4.7220001220703125,4.693999767303467,4.7210001945495605,232
2025-04-22,4.750999927520752,4.876500129699707,4.749000072479248,4.870500087738037,516
2025-04-23,4.856500148773193,4.900000095367432,4.83050012588501,4.8354997634887695,714
2025-04-24,4.84149980545044,4.879499912261963,4.84149980545044,4.849999904632568,1626
2025-04-25,4.788000106811523,4.8354997634887695,4.788000106811523,4.8354997634887695,697
2025-04-28,4.835000038146973,4.8379998207092285,4.833000183105469,4.8379998207092285,16324
2025-04-29,4.846499919891357,4.914500236511231,4.796000003814697,4.822999954223633,4169
2025-04-30,4.813499927520752,4.815999984741211,4.498499870300293,4.559999942779541,2137
2025-05-01,4.580999851226807,4.616000175476074,4.564499855041504,4.580999851226807,1206
2025-05-02,4.584499835968018,4.678500175476074,4.584000110626221,4.627500057220459,1221
2025-05-05,4.644499778747559,4.716000080108643,4.634500026702881,4.65500020980835,654
2025-05-06,4.652999877929688,4.748499870300293,4.650000095367432,4.735000133514404,777
2025-05-07,4.75,4.75,4.576000213623047,4.616499900817871,618
2025-05-08,4.593500137329102,4.631999969482422,4.505000114440918,4.560999870300293,884
2025-05-09,4.510000228881836,4.625999927520752,4.447999954223633,4.611000061035156,796
2025-05-12,4.653500080108643,4.669000148773193,4.565999984741211,4.578499794006348,847
2025-05-13,4.570499897003174,4.682499885559082,4.570000171661377,4.68149995803833,596
2025-05-14,4.644499778747559,4.690999984741211,4.590000152587891,4.611000061035156,940
2025-05-15,4.605000019073486,4.651000022888184,4.54449987411499,4.644499778747559,737
2025-05-16,4.620999813079834,4.622499942779541,4.5335001945495605,4.555500030517578,1098
2025-05-19,4.561999797821045,4.633999824523926,4.534999847412109,4.633500099182129,1190
2025-05-20,4.60699987411499,4.640500068664551,4.589000225067139,4.619500160217285,1081
2025-05-21,4.650000095367432,4.656499862670898,4.622499942779541,4.638000011444092,1191
2025-05-22,4.579999923706055,4.649499893188477,4.564000129699707,4.648499965667725,1194
2025-05-23,4.659999847412109,4.8420000076293945,4.644999980926514,4.80649995803833,1217
2025-05-27,4.810999870300293,4.810999870300293,4.703000068664551,4.710000038146973,983
2025-05-28,4.71999979019165,4.739999771118164,4.636000156402588,4.644000053405762,1034
2025-05-29,4.66349983215332,4.66349983215332,4.644499778747559,4.653500080108643,1046
2025-05-30,4.647500038146973,4.699999809265137,4.632999897003174,4.652500152587891,1648
2025-06-02,4.854499816894531,4.917500019073486,4.821499824523926,4.834499835968018,679
2025-06-03,4.822500228881836,4.839000225067139,4.764999866485596,4.809500217437744,1484
2025-06-04,4.839499950408936,4.879499912261963,4.829999923706055,4.864500045776367,940
2025-06-05,4.880000114440918,5.035999774932861,4.880000114440918,4.91349983215332,541
2025-06-06,4.890999794006348,4.920000076293945,4.814499855041504,4.829999923706055,458
2025-06-09,4.8470001220703125,4.913000106811523,4.8470001220703125,4.9095001220703125,487
2025-06-10,4.863999843597412,4.908999919891357,4.863999843597412,4.883999824523926,342
2025-06-11,4.820000171661377,4.832499980926514,4.79449987411499,4.801000118255615,537
2025-06-12,4.791999816894531,4.822999954223633,4.791999816894531,4.821499824523926,447
2025-06-13,4.821499824523926,4.821499824523926,4.735499858856201,4.802999973297119,698
2025-06-16,4.794000148773193,4.829500198364258,4.794000148773193,4.826499938964844,649
2025-06-17,4.806000232696533,4.806000232696533,4.770999908447266,4.80049991607666,700
2025-06-18,4.83650016784668,4.84499979019165,4.815499782562256,4.84499979019165,0
2025-06-20,4.830999851226807,4.830999851226807,4.75,4.826000213623047,854
2025-06-23,4.81850004196167,4.9079999923706055,4.816500186920166,4.8429999351501465,819
2025-06-24,4.863500118255615,4.868500232696533,4.863500118255615,4.867000102996826,506
2025-06-25,4.890500068664551,4.913000106811523,4.889999866485596,4.913000106811523,708
2025-06-26,5.04449987411499,5.073500156402588,5.042500019073486,5.065499782562256,17008
2025-06-27,5.053500175476074,5.086999893188477,4.976500034332275,5.06850004196167,4809
2025-06-30,5.070499897003174,5.076000213623047,5.01200008392334,5.03000020980835,1194
2025-07-01,5.031499862670898,5.122000217437744,5.031499862670898,5.047999858856201,1003
2025-07-02,5.046500205993652,5.161499977111816,5.034999847412109,5.14900016784668,792
2025-07-03,5.151999950408936,5.151999950408936,5.084499835968018,5.0970001220703125,0
2025-07-04,5.084499835968018,5.084499835968018,5.0,5.018499851226807,0
2025-07-07,5.002999782562256,5.002999782562256,4.956500053405762,4.984499931335449,718
2025-07-08,4.9679999351501465,5.644999980926514,4.94950008392334,5.644999980926514,922
2025-07-09,5.4670000076293945,5.682000160217285,5.397500038146973,5.44350004196167,857
2025-07-10,5.579999923706055,5.5929999351501465,5.543499946594238,5.547999858856201,756
2025-07-11,5.585000038146973,5.585000038146973,5.449999809265137,5.561999797821045,1082
2025-07-14,5.47599983215332,5.514999866485596,5.44950008392334,5.514999866485596,1093
2025-07-15,5.486000061035156,5.546000003814697,5.482999801635742,5.546000003814697,1621
2025-07-16,5.489999771118164,5.513999938964844,5.445000171661377,5.496500015258789,1152
2025-07-17,5.4679999351501465,5.490499973297119,5.456999778747559,5.486000061035156,866
2025-07-18,5.488999843597412,5.578999996185303,5.488999843597412,5.578000068664551,521
2025-07-21,5.55049991607666,5.617000102996826,5.55049991607666,5.610499858856201,583
2025-07-22,5.64300012588501,5.69950008392334,5.64300012588501,5.697000026702881,729
2025-07-23,5.750999927520752,5.865499973297119,5.750999927520752,5.795000076293945,607
2025-07-24,5.860499858856201,5.894999980926514,5.771999835968018,5.776999950408936,686
2025-07-25,5.775000095367432,5.78000020980835,5.728000164031982,5.763500213623047,911
2025-07-28,5.747499942779541,5.748000144958496,5.498000144958496,5.59499979019165,782
2025-07-29,5.610000133514404,5.610000133514404,5.583000183105469,5.603499889373779,1039
2025-07-30,5.626500129699707,5.627999782562256,4.492499828338623,5.570000171661377,2823
2025-07-31,4.59499979019165,4.5954999923706055,4.323500156402588,4.33050012588501,1537
2025-08-01,4.388999938964844,4.412499904632568,4.385000228881836,4.412499904632568,1301
2025-08-04,4.423500061035156,4.431000232696533,4.414500236511231,4.414999961853027,1042
2025-08-05,4.388000011444092,4.401000022888184,4.355000019073486,4.363999843597412,831
2025-08-06,4.400000095367432,4.412000179290772,4.380499839782715,4.390999794006348,924
2025-08-07,4.399499893188477,4.427000045776367,4.377500057220459,4.378499984741211,986
2025-08-08,4.387499809265137,4.45550012588501,4.387499809265137,4.45550012588501,645
2025-08-11,4.445499897003174,4.451499938964844,4.423500061035156,4.423500061035156,794
2025-08-12,4.512499809265137,4.512499809265137,4.5,4.508500099182129,803
2025-08-13,4.509500026702881,4.509500026702881,4.4720001220703125,4.48199987411499,879
2025-08-14,4.454999923706055,4.46649980545044,4.454999923706055,4.464499950408936,2053
2025-08-15,4.488500118255615,4.488500118255615,4.473999977111816,4.478000164031982,797
2025-08-18,4.447000026702881,4.464000225067139,4.447000026702881,4.456999778747559,1008
2025-08-19,4.419000148773193,4.419000148773193,4.408999919891357,4.408999919891357,957
2025-08-20,4.412499904632568,4.431000232696533,4.4079999923706055,4.426000118255615,1188
2025-08-21,4.438499927520752,4.440000057220459,4.429500102996826,4.43149995803833,821
2025-08-22,4.447000026702881,4.447999954223633,4.446499824523926,4.447500228881836,939
2025-08-25,4.4730000495910645,4.473499774932861,4.466000080108643,4.46649980545044,945
2025-08-26,4.453499794006348,4.453499794006348,4.450500011444092,4.450500011444092,528
2025-08-27,4.414500236511231,4.414500236511231,4.414500236511231,4.414500236511231,20198
2025-08-28,4.424499988555908,4.478000164031982,4.40749979019165,4.463500022888184,7819
2025-08-29,4.46649980545044,4.521999835968018,4.46649980545044,4.518499851226807,0
2025-09-02,4.520500183105469,4.570000171661377,4.49399995803833,4.569499969482422,1397
2025-09-03,4.572500228881836,4.590000152587891,4.5335001945495605,4.558499813079834,1166
2025-09-04,4.498000144958496,4.507500171661377,4.487500190734863,4.48799991607666,881
2025-09-05,4.521500110626221,4.521500110626221,4.4720001220703125,4.482500076293945,859
2025-09-08,4.482999801635742,4.499000072479248,4.482999801635742,4.490499973297119,888
2025-09-09,4.511499881744385,4.51200008392334,4.484000205993652,4.500999927520752,1354
2025-09-10,4.503499984741211,4.553999900817871,4.502500057220459,4.550000190734863,1052
2025-09-11,4.550000190734863,4.610000133514404,4.534999847412109,4.590499877929688,1044
2025-09-12,4.589000225067139,4.593500137329102,4.581500053405762,4.588500022888184,883
2025-09-15,4.599999904632568,4.66349983215332,4.5929999351501465,4.6554999351501465,491
2025-09-16,4.635000228881836,4.636000156402588,4.630000114440918,4.632999897003174,651
2025-09-17,4.570000171661377,4.5879998207092285,4.547500133514404,4.571000099182129,950
2025-09-18,4.559500217437744,4.5625,4.521500110626221,4.540999889373779,837
2025-09-19,4.544000148773193,4.572500228881836,4.544000148773193,4.568999767303467,653
2025-09-22,4.572500228881836,4.587500095367432,4.570499897003174,4.572999954223633,830
2025-09-23,4.570000171661377,4.586999893188477,4.570000171661377,4.584499835968018,1072
2025-09-24,4.581999778747559,4.766499996185303,4.558499813079834,4.752500057220459,1961
2025-09-25,4.743000030517578,4.743000030517578,4.699999809265137,4.699999809265137,1220
2025-09-26,4.677000045776367,4.715499877929688,4.66949987411499,4.715499877929688,1901
2025-09-29,4.708499908447266,4.8420000076293945,4.708499908447266,4.841000080108643,2748
2025-09-30,4.795499801635742,4.828000068664551,4.777999877929688,4.804999828338623,1426
2025-10-01,4.811500072479248,4.84250020980835,4.7820000648498535,4.83050012588501,755
2025-10-02,4.84250020980835,4.918499946594238,4.84250020980835,4.8979997634887695,1055
2025-10-03,4.954999923706055,5.061999797821045,4.954999923706055,5.058000087738037,995
2025-10-06,5.002500057220459,5.002500057220459,4.980500221252441,4.986999988555908,1007
2025-10-07,5.067500114440918,5.074999809265137,5.039500236511231,5.047999858856201,731
2025-10-08,5.04449987411499,5.058499813079834,5.019000053405762,5.046000003814697,685
2025-10-09,5.05649995803833,5.114999771118164,5.050000190734863,5.075500011444092,913
2025-10-10,5.116000175476074,5.116000175476074,4.834000110626221,4.848499774932861,960
2025-10-13,5.067999839782715,5.100500106811523,5.066999912261963,5.100500106811523,960
2025-10-14,4.912499904632568,4.987500190734863,4.912499904632568,4.980500221252441,551
2025-10-15,4.990499973297119,4.990499973297119,4.919000148773193,4.9720001220703125,1056
2025-10-16,4.929500102996826,4.958000183105469,4.909999847412109,4.958000183105469,615
2025-10-17,4.954999923706055,4.959000110626221,4.93149995803833,4.93149995803833,686
2025-10-20,4.984000205993652,5.003499984741211,4.984000205993652,4.998000144958496,560
2025-10-21,4.940000057220459,4.940000057220459,4.920000076293945,4.929999828338623,674
2025-10-22,4.90500020980835,4.9720001220703125,4.9045000076293945,4.960999965667725,613
2025-10-23,4.966000080108643,5.081999778747559,4.965499877929688,5.081999778747559,403
2025-10-24,5.093999862670898,5.0945000648498535,5.09250020980835,5.093500137329102,368
2025-10-27,5.1875,5.19950008392334,5.10699987411499,5.140500068664551,421
2025-10-28,5.079999923706055,5.142000198364258,5.079999923706055,5.140500068664551,670
2025-10-29,5.19950008392334,5.233500003814697,5.198999881744385,5.233500003814697,2276
2025-10-30,5.174499988555908,5.184000015258789,5.0295000076293945,5.078000068664551,2249
2025-10-31,5.078499794006348,5.099500179290772,5.061500072479248,5.065499782562256,982
2025-11-03,5.0879998207092285,5.088500022888184,5.027500152587891,5.046999931335449,0
2025-11-04,4.91949987411499,4.939000129699707,4.91949987411499,4.926000118255615,590
2025-11-05,4.959000110626221,4.96649980545044,4.959000110626221,4.9629998207092285,606
2025-11-06,4.962500095367432,4.9629998207092285,4.936500072479248,4.945499897003174,946
2025-11-07,4.944499969482422,4.945000171661377,4.935500144958496,4.938000202178955,599
2025-11-10,5.015999794006348,5.089499950408936,5.015999794006348,5.086999893188477,1048
2025-11-11,5.042500019073486,5.048500061035156,5.041999816894531,5.048500061035156,685
2025-11-12,5.043000221252441,5.126999855041504,5.037000179290772,5.089499950408936,656
2025-11-13,5.099500179290772,5.104000091552734,5.038000106811523,5.087500095367432,795
2025-11-14,5.051000118255615,5.051000118255615,5.048500061035156,5.049499988555908,780
2025-11-17,4.998000144958496,5.002500057220459,4.997499942779541,5.0,699
2025-11-18,4.940000057220459,4.976500034332275,4.940000057220459,4.962500095367432,767
2025-11-19,5.010000228881836,5.010499954223633,5.00600004196167,5.007999897003174,1148
2025-11-20,4.980000019073486,4.998499870300293,4.940000057220459,4.959499835968018,969
2025-11-21,4.920000076293945,5.013000011444092,4.920000076293945,5.008500099182129,616
2025-11-24,4.973999977111816,4.974999904632568,4.956999778747559,4.961999893188477,1045
2025-11-25,5.002999782562256,5.002999782562256,4.994999885559082,4.999499797821045,41200
2025-11-26,5.020500183105469,5.119999885559082,5.015999794006348,5.104499816894531,11335
2025-11-28,5.119500160217285,5.215000152587891,5.054999828338623,5.185500144958496,1349
2025-12-01,5.210000038146973,5.28000020980835,5.185999870300293,5.218999862670898,1396
2025-12-02,5.173999786376953,5.227499961853027,5.1479997634887695,5.160999774932861,1740
2025-12-03,5.162000179290772,5.35099983215332,5.162000179290772,5.308000087738037,1005
2025-12-04,5.308000087738037,5.3125,5.232999801635742,5.291500091552734,1491
2025-12-05,5.281000137329102,5.400000095367432,5.269499778747559,5.381999969482422,949
2025-12-08,5.373000144958496,5.376999855041504,5.316999912261963,5.364500045776367,621
2025-12-09,5.33650016784668,5.33650016784668,5.236999988555908,5.240499973297119,440
2025-12-10,5.247499942779541,5.323999881744385,5.247499942779541,5.2754998207092285,948
2025-12-11,5.334000110626221,5.438499927520752,5.328000068664551,5.427000045776367,990
2025-12-12,5.423999786376953,5.435500144958496,5.210000038146973,5.2835001945495605,1213
2025-12-15,5.273499965667725,5.409999847412109,5.273499965667725,5.338500022888184,1068
2025-12-16,5.269999980926514,5.306000232696533,5.269999980926514,5.287000179290772,798
2025-12-17,5.315000057220459,5.368000030517578,5.315000057220459,5.363500118255615,1289
2025-12-18,5.322000026702881,5.386000156402588,5.322000026702881,5.366499900817871,860
2025-12-19,5.431000232696533,5.468999862670898,5.425000190734863,5.439499855041504,703
2025-12-22,5.441500186920166,5.480000019073486,5.41949987411499,5.4375,1789
2025-12-23,5.435999870300293,5.524499893188477,5.422999858856201,5.47599983215332,724
2025-12-24,5.5,5.564000129699707,5.46999979019165,5.498499870300293,1111
2025-12-26,5.609499931335449,5.78000020980835,5.609499931335449,5.766499996185303,876
2025-12-29,5.78849983215332,5.78849983215332,5.490499973297119,5.490499973297119,2538
2025-12-30,5.51200008392334,5.735499858856201,5.497499942779541,5.727499961853027,3056
2025-12-31,5.632500171661377,5.64900016784668,5.624499797821045,5.630000114440918,1095
2026-01-02,5.652500152587891,5.65500020980835,5.624000072479248,5.639999866485596,1307
2026-01-05,5.796500205993652,5.92549991607666,5.796500205993652,5.924499988555908,775
2026-01-06,5.960000038146973,6.016499996185303,5.90749979019165,6.010499954223633,1480
2026-01-07,5.9670000076293945,5.9670000076293945,5.796500205993652,5.809000015258789,1055
2026-01-08,5.798999786376953,5.798999786376953,5.671999931335449,5.746500015258789,1385
2026-01-09,5.855500221252441,5.855500221252441,5.855500221252441,5.855500221252441,965
2026-01-12,5.953499794006348,6.011499881744385,5.940999984741211,5.985000133514404,1078
2026-01-13,5.965000152587891,5.9710001945495605,5.959000110626221,5.96999979019165,1211
2026-01-14,6.0,6.019000053405762,5.978000164031982,6.008999824523926,1011
2026-01-15,5.938000202178955,5.957499980926514,5.894000053405762,5.947999954223633,1068
2026-01-16,5.78000020980835,5.790999889373779,5.75,5.78849983215332,868
2026-01-20,5.849500179290772,5.879499912261963,5.747000217437744,5.7729997634887695,772
2026-01-21,5.802499771118164,5.827000141143799,5.727499961853027,5.729499816894531,744
2026-01-22,5.700500011444092,5.763999938964844,5.700500011444092,5.742499828338623,981
2026-01-23,5.783999919891357,5.914500236511231,5.754000186920166,5.910999774932861,767
2026-01-26,5.980000019073486,5.988999843597412,5.878499984741211,5.984000205993652,720
2026-01-27,5.831999778747559,5.841000080108643,5.820499897003174,5.828499794006348,917
2026-01-28,5.881499767303467,5.894499778747559,5.881499767303467,5.892499923706055,1681
2026-01-29,6.1570000648498535,6.507999897003174,6.131499767303467,6.17549991607666,3804
2026-01-30,6.1545000076293945,6.1545000076293945,5.745999813079834,5.896999835968018,1981
2026-02-02,5.739999771118164,5.859499931335449,5.568999767303467,5.801499843597412,1104
2026-02-03,5.874499797821045,6.07450008392334,5.869500160217285,6.0625,699
2026-02-04,6.059999942779541,6.078999996185303,5.826000213623047,5.826000213623047,831
2026-02-05,5.776999950408936,5.802999973297119,5.679999828338623,5.798999786376953,884
2026-02-06,5.650000095367432,5.864500045776367,5.650000095367432,5.863500118255615,421
2026-02-09,5.879499912261963,5.952499866485596,5.879499912261963,5.945000171661377,542
2026-02-10,5.887499809265137,5.901000022888184,5.875500202178955,5.895999908447266,445
2026-02-11,5.922999858856201,5.952499866485596,5.922999858856201,5.948999881744385,653
2026-02-12,5.972499847412109,5.972499847412109,5.75,5.770999908447266,1109
2026-02-13,5.795499801635742,5.798999786376953,5.699999809265137,5.792500019073486,1584
2026-02-17,5.634500026702881,5.636499881744385,5.632999897003174,5.632999897003174,941
2026-02-18,5.666999816894531,5.800000190734863,5.666999816894531,5.793499946594238,1156
2026-02-19,5.735000133514404,5.735000133514404,5.724999904632568,5.730000019073486,993
2026-02-20,5.742000102996826,5.860499858856201,5.727499961853027,5.830999851226807,658
2026-02-23,5.880000114440918,5.880000114440918,5.750500202178955,5.7729997634887695,764
2026-02-24,5.854000091552734,5.928500175476074,5.854000091552734,5.922999858856201,937
2026-02-25,5.9704999923706055,5.982999801635742,5.9704999923706055,5.979499816894531,29280
2026-02-26,5.992499828338623,6.000500202178955,5.914000034332275,5.947000026702881,7727
2026-02-27,5.959499835968018,6.079999923706055,5.959499835968018,6.004499912261963,3035
2026-03-02,5.96649980545044,6.0304999351501465,5.876999855041504,5.894499778747559,1695
2026-03-03,5.909999847412109,5.943999767303467,5.71999979019165,5.773499965667725,1489
2026-03-04,5.790500164031982,5.889500141143799,5.789000034332275,5.855000019073486,736
2026-03-05,5.848999977111816,5.848999977111816,5.730000019073486,5.752999782562256,1705
2026-03-06,5.785999774932861,5.791999816894531,5.735499858856201,5.756999969482422,1171
2026-03-09,5.7230000495910645,5.8460001945495605,5.630000114440918,5.80049991607666,1061
2026-03-10,5.8445000648498535,5.90749979019165,5.829500198364258,5.90399980545044,737
2026-03-11,5.888500213623047,5.888500213623047,5.789500236511231,5.8454999923706055,853
2026-03-12,5.852000236511231,5.852499961853027,5.77400016784668,5.82450008392334,636
2026-03-13,5.729000091552734,5.791999816894531,5.628499984741211,5.714499950408936,546
2026-03-16,5.630000114440918,5.809500217437744,5.630000114440918,5.790500164031982,571
2026-03-17,5.742000102996826,5.748499870300293,5.699999809265137,5.726500034332275,703
2026-03-18,5.721499919891357,5.734000205993652,5.440000057220459,5.553999900817871,1985
2026-03-19,5.480000019073486,5.480500221252441,5.289500236511231,5.433000087738037,1355
2026-03-20,5.514500141143799,5.514500141143799,5.26800012588501,5.34250020980835,1388
2026-03-23,5.452499866485596,5.5,5.421999931335449,5.439499855041504,1206
2026-03-24,5.393499851226807,5.5,5.375999927520752,5.422500133514404,1140
2026-03-25,5.53249979019165,5.53249979019165,5.493000030517578,5.52899980545044,811
2026-03-26,5.463500022888184,5.477000236511231,5.425000190734863,5.446499824523926,547
2026-03-27,5.4670000076293945,5.4670000076293945,5.4670000076293945,5.4670000076293945,4008
2026-03-30,5.401000022888184,5.499000072479248,5.401000022888184,5.47599983215332,4008
2026-03-31,5.486499786376953,5.638000011444092,5.464499950408936,5.633500099182129,49294
2026-04-01,5.6479997634887695,5.656000137329102,5.617499828338623,5.626500129699707,6068
2026-04-02,5.625999927520752,5.637499809265137,5.546999931335449,5.553999900817871,5443
2026-04-06,5.662499904632568,5.670499801635742,5.603499889373779,5.626500129699707,3573
2026-04-07,5.611000061035156,5.640999794006348,5.596499919891357,5.625500202178955,3339
2026-04-08,5.602499961853027,5.749000072479248,5.602499961853027,5.710000038146973,15040
2026-04-09,5.745999813079834,5.753499984741211,5.704999923706055,5.718500137329102,3547
2026-04-10,5.755499839782715,5.789999961853027,5.737500190734863,5.781499862670898,3273
2026-04-13,5.817500114440918,5.827499866485596,5.763999938964844,5.825500011444092,9285
2026-04-14,6.003499984741211,6.051499843597412,5.996500015258789,6.004499912261963,5517
2026-04-15,6.081999778747559,6.1479997634887695,6.078999996185303,6.103499889373779,5643
2026-04-16,6.075500011444092,6.122000217437744,6.075500011444092,6.119500160217285,3465
2026-04-17,6.037000179290772,6.058000087738037,6.01800012588501,6.045000076293945,3519
2026-04-20,6.031000137329102,6.0980000495910645,5.972499847412109,6.0254998207092285,13889
2026-04-21,6.050000190734863,6.05049991607666,6.000999927520752,6.019000053405762,2735
2026-04-22,6.015999794006348,6.063499927520752,6.007999897003174,6.050000190734863,3584
2026-04-23,6.137499809265137,6.148499965667725,6.011000156402588,6.043499946594238,7895
2026-04-24,6.027999877929688,6.046999931335449,5.991000175476074,6.003499984741211,4692
2026-04-27,6.0320000648498535,6.075500011444092,6.0,6.045499801635742,2877
2026-04-28,6.080999851226807,6.099500179290772,6.047500133514404,6.059500217437744,5401
2026-04-29,5.979499816894531,6.02400016784668,5.965000152587891,6.02400016784668,4726
2026-04-30,5.928500175476074,5.976500034332275,5.924499988555908,5.9375,5125
2026-05-01,6.026999950408936,6.039999961853027,5.993000030517578,5.999499797821045,3763
2026-05-04,5.991000175476074,6.003499984741211,5.933499813079834,5.964499950408936,4197
2026-05-05,5.860499858856201,5.900000095367432,5.856500148773193,5.898499965667725,6196
2026-05-06,5.989500045776367,6.104000091552734,5.982999801635742,6.0970001220703125,7157
2026-05-07,6.189499855041504,6.203499794006348,6.168000221252441,6.190499782562256,3657
2026-05-08,6.100500106811523,6.197999954223633,6.0945000648498535,6.196000099182129,4371
2026-05-11,6.278500080108643,6.354499816894531,6.25,6.320000171661377,11701
2026-05-12,6.492000102996826,6.517499923706055,6.442500114440918,6.489999771118164,10845
2026-05-13,6.630499839782715,6.690000057220459,6.60099983215332,6.64900016784668,11565
2026-05-14,6.619500160217285,6.652999877929688,6.546500205993652,6.577499866485596,9576
2026-05-15,6.579999923706055,6.586999893188477,6.34149980545044,6.364999771118164,22501
2026-05-18,6.287000179290772,6.320000171661377,6.206999778747559,6.260499954223633,12479
2026-05-19,6.33650016784668,6.349999904632568,6.238500118255615,6.277999877929688,6173
2026-05-20,6.1875,6.21750020980835,6.147500038146973,6.215499877929688,5841
2026-05-21,6.328499794006348,6.373000144958496,6.26800012588501,6.271999835968018,7256
2026-05-22,6.35099983215332,6.400000095367432,6.334499835968018,6.379000186920166,6479
2026-05-26,6.355000019073486,6.390999794006348,6.335000038146973,6.361000061035156,1840
2026-05-27,6.417500019073486,6.417500019073486,6.304999828338623,6.304999828338623,2474
2026-05-28,6.300000190734863,6.399499893188477,6.223499774932861,6.395999908447266,2474
2026-05-29,6.425000190734863,6.440000057220459,6.389999866485596,6.4045000076293945,4353
2026-06-01,6.389999866485596,6.5,6.380000114440918,6.485499858856201,9886
2026-06-02,6.564499855041504,6.639500141143799,6.527500152587891,6.639500141143799,10397
2026-06-03,6.682000160217285,6.684000015258789,6.566999912261963,6.5854997634887695,10786
2026-06-04,6.48199987411499,6.499499797821045,6.420499801635742,6.452499866485596,8162
2026-06-05,6.536499977111816,6.537000179290772,6.40500020980835,6.418000221252441,10220
2026-06-08,6.307499885559082,6.307499885559082,6.233500003814697,6.297500133514404,12403
2026-06-09,6.339499950408936,6.374499797821045,6.30049991607666,6.367000102996826,5452
2026-06-10,6.34499979019165,6.355999946594238,6.267499923706055,6.321499824523926,7594
2026-06-11,6.183000087738037,6.260499954223633,6.171500205993652,6.238500118255615,11751
2026-06-12,6.388000011444092,6.429999828338623,6.371500015258789,6.373499870300293,7808
2026-06-15,6.510000228881836,6.561999797821045,6.49399995803833,6.506499767303467,13912
2026-06-16,6.486000061035156,6.497000217437744,6.425000190734863,6.475500106811523,8110
2026-06-17,6.48199987411499,6.552499771118164,6.474999904632568,6.523499965667725,6557
2026-06-18,6.372499942779541,6.4375,6.364999771118164,6.423500061035156,8898
2026-06-19,6.368500232696533,6.385000228881836,6.269999980926514,6.358500003814697,7862
2026-06-22,6.33050012588501,6.403500080108643,6.269999980926514,6.364999771118164,31206
2026-06-23,6.361000061035156,6.364500045776367,6.208499908447266,6.2170000076293945,9446
2026-06-24,6.125500202178955,6.164999961853027,6.093999862670898,6.145999908447266,8573
2026-06-25,5.985499858856201,6.014999866485596,5.951000213623047,5.973999977111816,4461
2026-06-26,6.13100004196167,6.136000156402588,6.023499965667725,6.078499794006348,7421
2026-06-29,6.185999870300293,6.240499973297119,6.151000022888184,6.189000129699707,6973
2026-06-30,6.175000190734863,6.254000186920166,6.109499931335449,6.252999782562256,7343
2026-07-01,6.251999855041504,6.257500171661377,6.121500015258789,6.140999794006348,6889
2026-07-02,6.164000034332275,6.186999797821045,6.126500129699707,6.1545000076293945,5161
2026-07-03,6.173500061035156,6.266499996185303,6.171000003814697,6.239999771118164,3546
2026-07-06,6.209000110626221,6.266499996185303,6.171000003814697,6.231500148773193,14679
2026-07-07,6.249499797821045,6.269499778747559,6.184500217437744,6.237500190734863,7462
2026-07-08,6.182499885559082,6.218999862670898,6.1595001220703125,6.210999965667725,4020
2026-07-09,6.114999771118164,6.197000026702881,6.102000236511231,6.194499969482422,4863
2026-07-10,6.244999885559082,6.325500011444092,6.239999771118164,6.2829999923706055,5148
2026-07-13,6.270500183105469,6.277500152587891,6.197000026702881,6.20550012588501,5732
2026-07-14,6.26800012588501,6.381999969482422,6.26200008392334,6.378499984741211,4835
2026-07-15,6.364999771118164,6.39900016784668,6.361000061035156,6.366499900817871,2779
2026-07-16,6.386499881744385,6.41949987411499,6.343999862670898,6.4045000076293945,4084
2026-07-17,6.290500164031982,6.297999858856201,6.206500053405762,6.228499889373779,8646
2026-07-20,6.21750020980835,6.303999900817871,6.214000225067139,6.276000022888184,4707
2026-07-21,6.339000225067139,6.427000045776367,6.328499794006348,6.420499801635742,6397
2026-07-22,6.5254998207092285,6.563000202178955,6.501500129699707,6.502999782562256,4915
2026-07-23,6.486499786376953,6.5355000495910645,6.4704999923706055,6.511499881744385,3259
2026-07-24,6.335999965667725,6.3445000648498535,6.309000015258789,6.330999851226807,4647
2026-07-27,6.361999988555908,6.394000053405762,6.340000152587891,6.359499931335449,5196
2026-07-28,6.394999980926514,6.395500183105469,6.321000099182129,6.32450008392334,4676
2026-07-29,6.3354997634887695,6.355999946594238,6.2820000648498535,6.329500198364258,5205
2026-07-30,6.349500179290772,6.426000118255615,6.340000152587891,6.373000144958496,6986
2026-07-31,6.500500202178955,6.521999835968018,6.480000019073486,6.515500068664551,5691
2026-08-03,6.552999973297119,6.564000129699707,6.517499923706055,6.553999900817871,5585
2026-08-04,6.539500236511231,6.630000114440918,6.5345001220703125,6.623499870300293,7451
2026-08-05,6.628499984741211,6.6595001220703125,6.611499786376953,6.656499862670898,3666
2026-08-06,6.748000144958496,6.757999897003174,6.691999912261963,6.710999965667725,5523
2026-08-07,6.7204999923706055,6.765500068664551,6.704999923706055,6.730999946594238,4031
